url,label
https://news.linkedin.com/wiki/Computer_security,0
http://63.27.152.229/login/signin?session=1lht5b0gyvo3,1
https://python.org/community/discussion,0
http://secure-bankofamerica-billing.info/payment/update?account=220505,1
http://netflix-support.info/account/security/verification/login/confirm,1
https://python.org/wiki/Artificial_intelligence?topic=security,0
https://python.org/help/article,0
https://nytimes.com/wiki/Artificial_intelligence,0
http://verify-icloud-account.top/verify?user=715777,1
https://www.linkedin.com/blog/article,0
http://133.100.120.221/login/invoice?session=b1fqqnu2xr47,1
https://developer.mozilla.org/topics/python,0
http://verify-paypal-account.top/verify?user=475454,1
http://70seixt5.ga/redirect?url=http%3A%2F%2Fpaypal%2Ecom%2Flogin,1
https://arxiv.org/articles/cybersecurity?sort=popular&q=python+tutorial&utm_source=google,0
http://sdssq3rl.live/redirect?url=http%3A%2F%2Famazon%2Ecom%2Flogin,1
http://20.157.32.163/login/wallet?session=5pl0xinq1xxs,1
http://xen643e.support/invoice?account=136048&verify=true&session=n8f8o3kcr64ocrxh,1
http://verify-amazon-account.cc/verify?user=936847,1
https://support.youtube.com/wiki/Artificial_intelligence,0
https://medium.com/account/settings?utm_source=google&ref=homepage&q=python+tutorial,0
http://secure-paypal-billing.click/payment/update?account=45169,1
http://verify-microsoft-account.ml/verify?user=879484,1
https://npmjs.com/news/technology?utm_medium=search&q=cybersecurity&ref=homepage,0
http://ty2co1.instagram-unlock.ga/account/login,1
https://wikipedia.org/documentation/getting-started,0
https://www.microsoft.com/wiki/Computer_security?utm_medium=search&user=525681,0
http://195.164.106.62/login/verification?session=2y9qh93z331d,1
https://blog.mozilla.org/community/discussion,0
https://news.nytimes.com/wiki/Computer_security?sort=popular&q=artificial+intelligence&q=cybersecurity,0
https://accounts.mozilla.org/account/settings?q=computer+science&q=python+tutorial&topic=security,0
https://youtube.com/help/article?page=3&year=2026&id=574129,0
https://learn.amazon.com/articles/cybersecurity,0
http://yg30rbr.tk/account?account=43399&verify=true&session=ryvxgfk9yo6fhbwa,1
http://dnj567.amazon-verify.site/account/login,1
https://learn.arxiv.org/news/technology,0
https://microsoft.com/repositories/example?q=artificial+intelligence&category=technology,0
http://amazon-support.info/account/security/verification/login/confirm,1
http://kzj7k09.biz/restore?account=183298&verify=true&session=st7ubb3j76vl3rfe,1
https://github.com/documentation/getting-started?id=805308,0
http://secure-microsoft-billing.online/payment/update?account=451717,1
https://support.microsoft.com/questions/12345/example,0
https://help.youtube.com/blog/technology?category=technology,0
http://f5vmji5.xyz/password?account=906700&verify=true&session=5wkzhu7377hz9pg4,1
https://google.com/projects/example/issues/123,0
http://3wh8aa.paypal-login.support/account/login,1
http://secure-paypal-billing.support/payment/update?account=669882,1
http://microsoft%2Dpayment.support/auth%2Flogin%3Fid%3D722216,1
http://linkedin-invoice-secure.online/login,1
https://wikipedia.org/download?utm_source=google&q=computer+science,0
https://www.github.com/wiki/Artificial_intelligence,0
https://support.google.com/blog/article?topic=security,0
https://mozilla.org/video/technology?q=artificial+intelligence&sort=popular&topic=security,0
https://developer.python.org/repositories/example?q=computer+science,0
https://nytimes.com/watch,0
https://youtube.com/articles/cybersecurity?utm_source=google&page=3,0
http://paypal-support.biz/account/security/verification/login/confirm,1
http://51qvor0w.ml/redirect?url=http%3A%2F%2Finstagram%2Ecom%2Flogin,1
https://github.com/blog/technology?q=artificial+intelligence&sort=popular&user=306654,0
http://ld9zfq.dhl-suspended.tk/account/login,1
http://gv4fk30m9o.cc/downloads/invoice_update.vbs,1
http://paypal-support.ml/account/security/verification/login/confirm,1
https://learn.ubuntu.com/documentation/getting-started?topic=security,0
https://learn.npmjs.com/articles/cybersecurity?user=110737,0
https://support.npmjs.com/search?category=technology,0
http://bankofamerica-account-secure.ml/login,1
https://nytimes.com/docs/python/tutorial,0
https://developer.mozilla.org/topics/python?year=2026,0
http://3ixh7sd3.live/redirect?url=http%3A%2F%2Fwellsfargo%2Ecom%2Flogin,1
http://4jo3z0gd.support/redirect?url=http%3A%2F%2Ffedex%2Ecom%2Flogin,1
https://news.arxiv.org/blog/article?ref=homepage&year=2026,0
https://help.google.com/wiki/Computer_security?utm_medium=search,0
https://medium.com/documentation/getting-started?q=artificial+intelligence,0
https://www.nytimes.com/questions/12345/example?q=python+tutorial,0
https://apple.com/watch?language=en&id=131889&q=machine+learning,0
https://ubuntu.com/community/discussion?utm_medium=search&page=2,0
https://help.cloudflare.com/community/discussion?year=2026&page=3&id=610918,0
https://github.com/blog/article?id=822794&utm_source=google,0
https://accounts.docs.python.org/user/profile?utm_source=google,0
http://iyq8nnn12y.site/downloads/invoice_update.php,1
http://bankofamerica-support.support/account/security/verification/login/confirm,1
http://1eucsjd.ga/security?account=330664&verify=true&session=9y6w023etmn1b6cc,1
https://developer.cloudflare.com/blog/technology?page=3&q=python+tutorial,0
http://miiry4n3.info/redirect?url=http%3A%2F%2Finstagram%2Ecom%2Flogin,1
https://help.python.org/docs/python/tutorial?year=2026&q=computer+science,0
http://qqr3h7.facebook-account.click/account/login,1
https://developer.mozilla.org/user/profile?sort=popular&sort=newest,0
https://learn.linkedin.com/search/results?topic=security,0
http://0bg2qvm6gy.support/downloads/invoice_update.exe,1
http://hyivbz.dhl-signin.cc/account/login,1
http://160.61.233.15/login/verify?session=l0mqrrnuylqv,1
https://news.developer.mozilla.org/wiki/Artificial_intelligence?sort=popular&year=2026&q=python+tutorial,0
http://paypal-support.cc/account/security/verification/login/confirm,1
https://youtube.com/projects/example/issues/123?ref=homepage&q=artificial+intelligence,0
https://google.com/projects/example/issues/123?language=en&ref=homepage,0
http://9bykca.google-billing.support/account/login,1
https://amazon.com/questions,0
https://google.com/community/discussion,0
https://mozilla.org/articles/cybersecurity?q=artificial+intelligence&q=computer+science,0
https://github.com/projects/example/issues/123?utm_source=google&category=technology&ref=homepage,0
http://verify-netflix-account.top/verify?user=780031,1
https://developer.github.com/download?q=machine+learning&q=artificial+intelligence&q=cybersecurity,0
https://developer.mozilla.org/topics/python?ref=homepage,0
https://docs.python.org/blog/technology?sort=newest,0
https://www.cloudflare.com/docs/python/tutorial,0
https://accounts.github.com/search?sort=popular&user=634729&topic=security,0
http://221.15.60.182/login/payment?session=zdt71ap5jg6y,1
https://cloudflare.com/blog/technology,0
https://nytimes.com/documentation/getting-started,0
https://nytimes.com/wiki/Computer_security,0
http://x4jc7bjshb.info/downloads/invoice_update.php,1
https://reddit.com/docs/python/tutorial?user=718606,0
http://2bq5t4yt8s.online/downloads/invoice_update.bat,1
https://help.mozilla.org/wiki/Artificial_intelligence?page=3&topic=security,0
https://npmjs.com/user/profile?q=machine+learning,0
http://google-support.support/account/security/verification/login/confirm,1
https://mozilla.org/wiki/Computer_security?sort=newest,0
https://arxiv.org/account/settings?user=689201&page=2&q=machine+learning,0
http://rkty72ftqy.info/downloads/invoice_update.js,1
https://linkedin.com/products/software?ref=homepage&language=en&utm_source=google,0
https://blog.google.com/help/article?sort=popular&utm_medium=search,0
https://developer.stackoverflow.com/search?q=cybersecurity&q=machine+learning&sort=popular,0
https://ubuntu.com/account/settings?q=python+tutorial,0
https://nytimes.com/search/results?language=en,0
https://linkedin.com/news/technology?utm_medium=search&utm_source=google&user=392344,0
https://blog.amazon.com/questions?sort=newest&q=artificial+intelligence&category=technology,0
https://cloudflare.com/docs/python/tutorial?user=914081&page=2,0
https://google.com/download?page=3,0
https://wikipedia.org/articles/cybersecurity?q=cybersecurity&q=machine+learning&utm_source=google,0
http://verify-dhl-account.online/verify?user=338944,1
https://wikipedia.org/questions/12345/example?sort=newest&q=python+tutorial&page=3,0
http://secure-apple-billing.ga/payment/update?account=620354,1
https://npmjs.com/download?q=computer+science&id=568915&category=technology,0
https://github.com/search/results?category=technology&sort=newest,0
http://66.18.37.143/login/verification?session=w6aww8fgu2qr,1
https://youtube.com/wiki/Computer_security?sort=popular&q=machine+learning&ref=homepage,0
https://news.mozilla.org/questions/12345/example?year=2026,0
http://109.237.143.201/login/confirm?session=d7gkcwrs3z88,1
http://16.29.16.165/login/signin?session=crc0xzw6jpsq,1
https://docs.github.com/account/settings?year=2026&q=machine+learning,0
http://sr3oxnrg.ml/redirect?url=http%3A%2F%2Fdhl%2Ecom%2Flogin,1
https://blog.stackoverflow.com/video/technology,0
http://paypal%2Dlogin.top/auth%2Flogin%3Fid%3D400788,1
https://accounts.wikipedia.org/questions/12345/example?q=cybersecurity&q=python+tutorial&sort=newest,0
https://linkedin.com/repositories/example?language=en&category=technology&page=3,0
http://pqvsgig3yk.support/downloads/invoice_update.cmd,1
https://help.amazon.com/watch?sort=popular&q=python+tutorial,0
http://linkedin-support.live/account/security/verification/login/confirm,1
https://docs.python.org/search/results?q=artificial+intelligence&sort=newest,0
http://fkh7rwl.xyz/security?account=258227&verify=true&session=u0cipneu73wh3x2b,1
https://linkedin.com/video/technology?q=cybersecurity,0
http://dhl-unlock-secure.ga/login,1
https://github.com/docs/python/tutorial?q=machine+learning&topic=security&year=2026,0
http://204.106.228.16/login/billing?session=qrzktxutb25a,1
https://docs.wikipedia.org/products/software?sort=newest&q=python+tutorial&ref=homepage,0
https://docs.stackoverflow.com/articles/cybersecurity?sort=popular,0
http://qqbpxf71u0.info/downloads/invoice_update.vbs,1
https://accounts.amazon.com/questions?page=2,0
https://learn.nytimes.com/video/technology?q=python+tutorial,0
http://amazon%2Dsecure.info/auth%2Flogin%3Fid%3D233423,1
https://youtube.com/users/12345?page=3&user=825154&sort=newest,0
https://wikipedia.org/documentation/getting-started?year=2026&topic=security&q=cybersecurity,0
http://instagram-support.live/account/security/verification/login/confirm,1
http://verify-wellsfargo-account.online/verify?user=814641,1
https://youtube.com/watch?topic=security,0
http://4scboe.bankofamerica-confirm.online/account/login,1
https://developer.linkedin.com/help/article?ref=homepage&year=2026,0
https://developer.developer.mozilla.org/projects/example/issues/123,0
https://accounts.developer.mozilla.org/questions?topic=security&q=cybersecurity,0
http://chase-support.support/account/security/verification/login/confirm,1
http://verify-apple-account.ml/verify?user=719333,1
http://verify-linkedin-account.cc/verify?user=61329,1
http://secure-paypal-billing.site/payment/update?account=322792,1
https://www.google.com/users/12345?q=cybersecurity&user=361607,0
http://4rzy6ye1.support/redirect?url=http%3A%2F%2Fmicrosoft%2Ecom%2Flogin,1
https://arxiv.org/blog/technology?q=computer+science,0
https://medium.com/topics/python?q=cybersecurity&page=2,0
http://yq3mb69.xyz/verify?account=149369&verify=true&session=tdmxplfkssalm1os,1
http://netflix-verification-secure.live/login,1
https://news.python.org/search?year=2026,0
https://accounts.youtube.com/help/article,0
https://cloudflare.com/projects/example/issues/123?q=python+tutorial&q=machine+learning,0
https://wikipedia.org/blog/article,0
https://cloudflare.com/community/discussion,0
https://blog.medium.com/topics/python,0
https://docs.youtube.com/products/software?sort=newest&ref=homepage&id=499282,0
https://apple.com/download,0
http://verify-linkedin-account.click/verify?user=127796,1
http://secure-google-billing.top/payment/update?account=653669,1
https://cloudflare.com/wiki/Computer_security?page=3&ref=homepage&sort=popular,0
http://c038etxy.xyz/redirect?url=http%3A%2F%2Fmicrosoft%2Ecom%2Flogin,1
http://191.136.132.151/login/signin?session=5jxh4m00ur2x,1
https://docs.wikipedia.org/documentation/getting-started,0
http://iqztp4.wellsfargo-account.xyz/account/login,1
https://stackoverflow.com/docs/python/tutorial?q=cybersecurity&page=2&page=3,0
https://support.docs.python.org/articles/cybersecurity,0
https://cloudflare.com/user/profile,0
http://vsbsqm.instagram-authenticate.click/account/login,1
http://s0227e77.support/redirect?url=http%3A%2F%2Fapple%2Ecom%2Flogin,1
https://stackoverflow.com/community/discussion?q=computer+science,0
https://docs.ubuntu.com/video/technology?utm_medium=search&q=machine+learning&category=technology,0
http://bwi625.instagram-account.support/account/login,1
https://support.linkedin.com/user/profile?q=python+tutorial&utm_medium=search,0
http://wld6wi.google-login.biz/account/login,1
https://reddit.com/docs/python/tutorial?category=technology&id=909479&q=artificial+intelligence,0
https://blog.ubuntu.com/topics/python?year=2026&sort=newest&id=483595,0
http://chase-support.site/account/security/verification/login/confirm,1
http://wellsfargo%2Drestore.support/auth%2Flogin%3Fid%3D902809,1
https://youtube.com/news/technology?topic=security&year=2026&q=artificial+intelligence,0
http://nu295wld.ml/redirect?url=http%3A%2F%2Fbankofamerica%2Ecom%2Flogin,1
https://news.linkedin.com/search,0
https://microsoft.com/articles/cybersecurity,0
https://help.developer.mozilla.org/search?q=cybersecurity&language=en,0
http://secure-linkedin-billing.xyz/payment/update?account=848379,1
http://verify-apple-account.live/verify?user=556123,1
http://2quciqbxp2.live/downloads/invoice_update.bat,1
https://wikipedia.org/products/software,0
http://netflix%2Dverify.tk/auth%2Flogin%3Fid%3D258309,1
https://docs.stackoverflow.com/help/article,0
http://wellsfargo-support.biz/account/security/verification/login/confirm,1
http://1hpxjf.paypal-authenticate.tk/account/login,1
https://stackoverflow.com/topics/python?category=technology&utm_medium=search&q=computer+science,0
http://32.111.215.22/login/suspended?session=emp7l1c6468l,1
https://docs.medium.com/video/technology?page=3,0
https://npmjs.com/blog/technology?user=620749&topic=security,0
https://developer.google.com/documentation/getting-started,0
http://qzz05r4.tk/wallet?account=159923&verify=true&session=f3hksoxy16pdnjwm,1
http://verify-fedex-account.tk/verify?user=41551,1
https://youtube.com/docs/python/tutorial?sort=popular&language=en&utm_medium=search,0
http://p65fyj.dhl-billing.biz/account/login,1
https://npmjs.com/repositories/example?utm_source=google&year=2026,0
http://uqq596.apple-security.tk/account/login,1
http://secure-icloud-billing.biz/payment/update?account=946061,1
https://stackoverflow.com/community/discussion,0
https://docs.python.org/blog/article,0
http://secure-instagram-billing.online/payment/update?account=930775,1
https://reddit.com/search/results?sort=popular,0
http://verify-bankofamerica-account.biz/verify?user=572232,1
http://333p0v3.info/billing?account=396811&verify=true&session=twwtvdnq6hvqmwhg,1
http://avoz126n.biz/redirect?url=http%3A%2F%2Fdhl%2Ecom%2Flogin,1
http://3ar2dh.instagram-invoice.tk/account/login,1
https://medium.com/repositories/example?id=308641,0
http://e71cvyz.live/login?account=570113&verify=true&session=6amezyt4xej37mhl,1
https://accounts.python.org/blog/technology,0
https://support.stackoverflow.com/help/article?user=71176&id=409500&sort=popular,0
https://developer.wikipedia.org/video/technology?sort=popular,0
https://blog.amazon.com/topics/python?q=computer+science&year=2026&page=2,0
http://verify-chase-account.site/verify?user=836942,1
http://verify-amazon-account.info/verify?user=967750,1
http://xww2pus.support/wallet?account=106364&verify=true&session=au24iwasclv869eb,1
http://5yngf6.google-unlock.support/account/login,1
http://wellsfargo-support.top/account/security/verification/login/confirm,1
http://microsoft-support.xyz/account/security/verification/login/confirm,1
http://3agxcg.amazon-payment.live/account/login,1
http://icloud-support.info/account/security/verification/login/confirm,1
https://arxiv.org/video/technology?topic=security,0
http://vspu28ru.ml/redirect?url=http%3A%2F%2Fchase%2Ecom%2Flogin,1
https://apple.com/wiki/Artificial_intelligence,0
http://4fxv49.linkedin-wallet.site/account/login,1
http://verify-dhl-account.ml/verify?user=298436,1
https://youtube.com/questions,0
https://learn.arxiv.org/blog/technology?q=python+tutorial&topic=security&page=2,0
http://16.234.185.205/login/verification?session=tlt5n78vlp54,1
http://81.80.157.159/login/login?session=ob5rg20ur0yj,1
http://secure-paypal-billing.support/payment/update?account=720762,1
https://python.org/articles/cybersecurity?q=machine+learning&q=python+tutorial,0
https://stackoverflow.com/blog/article?category=technology,0
http://microsoft-security-secure.click/login,1
https://learn.amazon.com/wiki/Computer_security,0
http://facebook%2Dverification.live/auth%2Flogin%3Fid%3D657342,1
https://docs.reddit.com/questions/12345/example?language=en&q=cybersecurity&sort=newest,0
https://mozilla.org/documentation/getting-started?topic=security&ref=homepage&category=technology,0
http://triqjz.netflix-verify.site/account/login,1
http://apple-account-secure.ml/login,1
http://uqe205u.ga/restore?account=330121&verify=true&session=m7e88c2n36eweu5d,1
https://accounts.mozilla.org/docs/python/tutorial?page=3&page=2&sort=popular,0
https://mozilla.org/docs/python/tutorial,0
http://verify-chase-account.biz/verify?user=741385,1
http://microsoft%2Dverify.site/auth%2Flogin%3Fid%3D37039,1
https://microsoft.com/community/discussion,0
https://docs.github.com/questions,0
http://instagram-signin-secure.live/login,1
https://news.medium.com/wiki/Computer_security?q=computer+science,0
http://facebook-support.click/account/security/verification/login/confirm,1
http://paypal%2Dupdate.tk/auth%2Flogin%3Fid%3D920878,1
https://accounts.microsoft.com/video/technology?q=computer+science&ref=homepage,0
http://secure-instagram-billing.biz/payment/update?account=430768,1
https://news.docs.python.org/users/12345,0
http://b1my8becxb.top/downloads/invoice_update.bat,1
http://apple%2Dpayment.cc/auth%2Flogin%3Fid%3D62144,1
https://developer.nytimes.com/wiki/Artificial_intelligence?q=python+tutorial,0
https://www.mozilla.org/help/article,0
https://docs.microsoft.com/account/settings?q=machine+learning&page=2&sort=newest,0
https://google.com/topics/python,0
http://e1zaghca.site/redirect?url=http%3A%2F%2Fapple%2Ecom%2Flogin,1
https://amazon.com/video/technology,0
http://8ny21b4t.info/redirect?url=http%3A%2F%2Fnetflix%2Ecom%2Flogin,1
http://instagram-support.support/account/security/verification/login/confirm,1
https://npmjs.com/questions?utm_source=google&q=computer+science,0
https://developer.stackoverflow.com/account/settings,0
http://secure-linkedin-billing.live/payment/update?account=57171,1
http://dhl-account-secure.live/login,1
https://amazon.com/questions,0
http://26qkcdes.ga/redirect?url=http%3A%2F%2Fdhl%2Ecom%2Flogin,1
https://apple.com/articles/cybersecurity?topic=security&language=en&utm_source=google,0
http://paypal-support.live/account/security/verification/login/confirm,1
https://stackoverflow.com/community/discussion,0
https://news.reddit.com/docs/python/tutorial?page=2,0
http://dhl%2Dunlock.top/auth%2Flogin%3Fid%3D59114,1
https://mozilla.org/repositories/example,0
http://7erb8k8.live/verification?account=192376&verify=true&session=szthp2f0udrkngx0,1
https://wikipedia.org/account/settings?ref=homepage,0
https://wikipedia.org/user/profile?language=en,0
https://github.com/wiki/Computer_security?q=python+tutorial&year=2026&sort=newest,0
https://google.com/documentation/getting-started?page=3&ref=homepage&utm_source=google,0
http://94.35.159.250/login/billing?session=7uvb3bjyqb1i,1
http://amazon%2Dupdate.info/auth%2Flogin%3Fid%3D390351,1
http://instagram-support.info/account/security/verification/login/confirm,1
https://help.stackoverflow.com/topics/python,0
http://fedex-signin-secure.support/login,1
https://wikipedia.org/download,0
http://s3s4adai09.info/downloads/invoice_update.rar,1
http://secure-paypal-billing.cc/payment/update?account=854145,1
http://verify-bankofamerica-account.xyz/verify?user=259896,1
https://medium.com/account/settings,0
http://p0ayfbq3.site/redirect?url=http%3A%2F%2Fchase%2Ecom%2Flogin,1
https://apple.com/products/software?q=machine+learning,0
https://news.arxiv.org/docs/python/tutorial?page=2&page=3&q=artificial+intelligence,0
http://wellsfargo-security-secure.xyz/login,1
http://icloud-unlock-secure.support/login,1
http://0j31kip0.click/redirect?url=http%3A%2F%2Fnetflix%2Ecom%2Flogin,1
https://learn.wikipedia.org/help/article?page=2,0
https://amazon.com/user/profile?language=en,0
http://instagram%2Dconfirm.site/auth%2Flogin%3Fid%3D520158,1
https://support.python.org/docs/python/tutorial,0
http://wellsfargo-support.xyz/account/security/verification/login/confirm,1
http://qmq7yy.paypal-unlock.ga/account/login,1
https://accounts.apple.com/blog/article?q=artificial+intelligence&ref=homepage,0
http://netflix%2Drestore.top/auth%2Flogin%3Fid%3D52879,1
http://33hddhhv.online/redirect?url=http%3A%2F%2Fapple%2Ecom%2Flogin,1
https://blog.github.com/news/technology?id=325500&sort=newest&topic=security,0
https://cloudflare.com/news/technology,0
http://netflix-urgent-secure.site/login,1
http://snqz6ypog8.online/downloads/invoice_update.cmd,1
https://ubuntu.com/wiki/Artificial_intelligence,0
https://linkedin.com/products/software?q=computer+science&language=en,0
https://stackoverflow.com/community/discussion,0
https://stackoverflow.com/docs/python/tutorial?id=505618&topic=security&q=artificial+intelligence,0
https://arxiv.org/news/technology?utm_source=google,0
https://github.com/user/profile?q=python+tutorial&q=cybersecurity,0
http://secure-dhl-billing.info/payment/update?account=143551,1
http://secure-google-billing.support/payment/update?account=196785,1
https://stackoverflow.com/search/results?user=472706&q=artificial+intelligence,0
http://kigcc3ia.biz/redirect?url=http%3A%2F%2Finstagram%2Ecom%2Flogin,1
https://reddit.com/users/12345?category=technology&q=python+tutorial,0
https://medium.com/community/discussion?q=cybersecurity&sort=popular,0
http://secure-icloud-billing.top/payment/update?account=406742,1
http://1z2y8hy.info/account?account=805386&verify=true&session=a7uv5f3tcx7tz76f,1
https://cloudflare.com/questions,0
https://medium.com/products/software,0
http://paypal%2Dsignin.cc/auth%2Flogin%3Fid%3D803884,1
http://chase-support.biz/account/security/verification/login/confirm,1
http://secure-microsoft-billing.biz/payment/update?account=145521,1
http://amazon-unlock-secure.ml/login,1
http://p5378ke.xyz/verify?account=269054&verify=true&session=h8hcd3kb6q48cgg3,1
https://youtube.com/topics/python,0
http://ia1shx59.click/redirect?url=http%3A%2F%2Ficloud%2Ecom%2Flogin,1
https://linkedin.com/documentation/getting-started?sort=newest&id=13094&ref=homepage,0
http://secure-linkedin-billing.top/payment/update?account=704343,1
http://mqvecy7m.ml/redirect?url=http%3A%2F%2Ffedex%2Ecom%2Flogin,1
https://docs.python.org/blog/technology?utm_medium=search&category=technology,0
https://youtube.com/search/results?user=487823,0
https://medium.com/documentation/getting-started?id=271473,0
https://www.amazon.com/video/technology,0
http://verify-paypal-account.click/verify?user=865154,1
http://ia2hfwko.info/redirect?url=http%3A%2F%2Famazon%2Ecom%2Flogin,1
https://docs.arxiv.org/wiki/Computer_security,0
http://verify-microsoft-account.ga/verify?user=297001,1
https://npmjs.com/wiki/Computer_security,0
https://help.apple.com/watch,0
https://accounts.nytimes.com/questions/12345/example?ref=homepage,0
http://121.101.19.151/login/wallet?session=yr1l32fhwiyo,1
https://docs.amazon.com/search?utm_medium=search&q=computer+science&q=artificial+intelligence,0
https://cloudflare.com/search,0
https://google.com/wiki/Computer_security,0
https://apple.com/news/technology?topic=security,0
http://fedex-urgent-secure.xyz/login,1
https://accounts.nytimes.com/repositories/example?ref=homepage&q=python+tutorial&utm_source=google,0
https://learn.youtube.com/blog/article?q=machine+learning,0
https://cloudflare.com/documentation/getting-started?sort=popular,0
http://verify-google-account.online/verify?user=359163,1
http://157.168.27.119/login/payment?session=1x6u26o5v09e,1
https://learn.microsoft.com/wiki/Artificial_intelligence?sort=popular&language=en,0
http://dhl-support.tk/account/security/verification/login/confirm,1
http://verify-google-account.top/verify?user=664745,1
http://4tob759a.xyz/redirect?url=http%3A%2F%2Ffacebook%2Ecom%2Flogin,1
http://linkedin-restore-secure.biz/login,1
https://docs.python.org/questions?q=machine+learning&ref=homepage&utm_medium=search,0
https://developer.stackoverflow.com/wiki/Artificial_intelligence,0
http://fedex-password-secure.cc/login,1
http://154.56.16.27/login/restore?session=ygkwbhzprcfm,1
http://dhl%2Dwallet.info/auth%2Flogin%3Fid%3D381445,1
http://fedex%2Dverify.info/auth%2Flogin%3Fid%3D197542,1
https://google.com/articles/cybersecurity?sort=newest&user=859706,0
https://linkedin.com/news/technology,0
https://mozilla.org/blog/article?id=734543&language=en&year=2026,0
https://cloudflare.com/docs/python/tutorial,0
http://vb2e5q.bankofamerica-signin.site/account/login,1
http://71.57.41.103/login/billing?session=s50ql4m909gn,1
https://blog.mozilla.org/docs/python/tutorial?utm_source=google&q=machine+learning&ref=homepage,0
http://fedex%2Drestore.live/auth%2Flogin%3Fid%3D800595,1
https://npmjs.com/wiki/Artificial_intelligence?year=2026&q=cybersecurity,0
http://2mayzl.facebook-unlock.biz/account/login,1
https://stackoverflow.com/questions/12345/example?ref=homepage&q=python+tutorial,0
http://c25k07kl96.ml/downloads/invoice_update.rar,1
https://www.wikipedia.org/community/discussion,0
https://apple.com/news/technology,0
http://verify-google-account.site/verify?user=769153,1
http://90.159.218.141/login/password?session=vm3slvlu32y8,1
http://qcp46ri.support/verification?account=752468&verify=true&session=nmstxobaz53ykvua,1
http://5wzkyy.google-wallet.click/account/login,1
https://google.com/help/article,0
https://developer.reddit.com/account/settings?ref=homepage&q=artificial+intelligence,0
http://verify-chase-account.xyz/verify?user=654152,1
http://verify-linkedin-account.site/verify?user=410543,1
https://microsoft.com/news/technology,0
https://linkedin.com/search/results?q=machine+learning,0
https://google.com/wiki/Computer_security,0
http://7serkdjs.live/redirect?url=http%3A%2F%2Fmicrosoft%2Ecom%2Flogin,1
https://github.com/questions/12345/example?utm_medium=search,0
https://help.google.com/search/results?q=python+tutorial,0
http://secure-google-billing.cc/payment/update?account=881274,1
http://e5ccxjif.ml/redirect?url=http%3A%2F%2Fpaypal%2Ecom%2Flogin,1
https://python.org/video/technology?q=cybersecurity,0
https://developer.linkedin.com/watch?utm_medium=search,0
https://microsoft.com/watch?topic=security,0
http://19.15.179.21/login/billing?session=866w2927l7av,1
http://oh2kr21p.site/redirect?url=http%3A%2F%2Finstagram%2Ecom%2Flogin,1
http://7lwcd5wg13.ml/downloads/invoice_update.js,1
https://github.com/products/software?page=2,0
https://microsoft.com/news/technology?q=python+tutorial&sort=newest,0
https://blog.cloudflare.com/download?language=en,0
http://wellsfargo%2Dwallet.biz/auth%2Flogin%3Fid%3D861222,1
http://netflix%2Dsuspended.ml/auth%2Flogin%3Fid%3D419836,1
https://accounts.medium.com/questions/12345/example?utm_source=google&year=2026&topic=security,0
https://stackoverflow.com/community/discussion?q=computer+science&utm_source=google,0
https://medium.com/community/discussion,0
http://skiibtf.click/verification?account=428054&verify=true&session=38lhwplzyn4azoiw,1
http://6.44.58.115/login/payment?session=zd4v277q4s2d,1
https://github.com/news/technology?q=machine+learning,0
https://help.stackoverflow.com/articles/cybersecurity?user=419807&q=computer+science&utm_medium=search,0
http://linkedin-update-secure.site/login,1
http://verify-apple-account.online/verify?user=954004,1
http://secure-bankofamerica-billing.click/payment/update?account=496115,1
https://medium.com/search?sort=newest&utm_source=google&id=484220,0
https://developer.mozilla.org/account/settings,0
http://verify-netflix-account.ga/verify?user=209635,1
https://cloudflare.com/wiki/Artificial_intelligence?sort=popular,0
https://arxiv.org/docs/python/tutorial,0
http://4pcool.chase-urgent.tk/account/login,1
https://accounts.mozilla.org/search/results,0
https://developer.youtube.com/topics/python,0
http://pdw7618.tk/wallet?account=131560&verify=true&session=dkvngil10iur56dc,1
http://whxojtlv.info/redirect?url=http%3A%2F%2Fpaypal%2Ecom%2Flogin,1
https://developer.mozilla.org/community/discussion,0
http://218.69.230.192/login/login?session=bntgs24vy860,1
https://stackoverflow.com/help/article?year=2026,0
https://www.wikipedia.org/questions/12345/example?page=2&page=3&utm_medium=search,0
http://pzc35j.amazon-payment.cc/account/login,1
http://nbzq8q45mk.xyz/downloads/invoice_update.js,1
https://learn.google.com/products/software?category=technology&language=en&q=artificial+intelligence,0
https://accounts.nytimes.com/docs/python/tutorial?q=artificial+intelligence,0
https://stackoverflow.com/help/article?year=2026,0
http://4zc9wia6vi.support/downloads/invoice_update.rar,1
https://github.com/wiki/Computer_security?utm_medium=search&q=python+tutorial&utm_source=google,0
http://yjwd6q.bankofamerica-invoice.support/account/login,1
http://lt0qcp.chase-urgent.cc/account/login,1
https://learn.wikipedia.org/account/settings?utm_medium=search&q=python+tutorial&year=2026,0
http://apple%2Dbilling.support/auth%2Flogin%3Fid%3D342439,1
http://zkzsrt3.site/login?account=812463&verify=true&session=5lua8slpjqlnt6ac,1
https://www.microsoft.com/blog/article,0
https://developer.python.org/topics/python?page=2&q=python+tutorial,0
https://amazon.com/questions?language=en,0
https://arxiv.org/video/technology?page=3,0
https://cloudflare.com/help/article,0
http://wellsfargo-support.online/account/security/verification/login/confirm,1
http://i9jknpfl.cc/redirect?url=http%3A%2F%2Fdhl%2Ecom%2Flogin,1
http://verify-dhl-account.info/verify?user=293088,1
https://help.wikipedia.org/wiki/Artificial_intelligence?q=machine+learning&q=computer+science,0
http://ykjpsa5f2p.online/downloads/invoice_update.zip,1
https://help.google.com/articles/cybersecurity,0
https://accounts.apple.com/watch?sort=newest&q=cybersecurity&topic=security,0
http://paypal-restore-secure.support/login,1
https://blog.reddit.com/news/technology?q=cybersecurity&page=3,0
http://secure-apple-billing.live/payment/update?account=91506,1
http://7ja4vufv.tk/redirect?url=http%3A%2F%2Fmicrosoft%2Ecom%2Flogin,1
http://google-support.top/account/security/verification/login/confirm,1
https://nytimes.com/account/settings?topic=security,0
http://dhl-payment-secure.tk/login,1
http://96jap8.wellsfargo-billing.support/account/login,1
https://learn.stackoverflow.com/user/profile?page=2&ref=homepage&page=3,0
http://bankofamerica-support.top/account/security/verification/login/confirm,1
https://www.nytimes.com/wiki/Artificial_intelligence,0
http://2jo1z5.microsoft-signin.biz/account/login,1
https://accounts.npmjs.com/documentation/getting-started?page=3,0
https://learn.developer.mozilla.org/documentation/getting-started?year=2026,0
http://91.101.219.125/login/urgent?session=pxw70c5d3ii8,1
http://verify-fedex-account.info/verify?user=410911,1
https://docs.python.org/blog/technology,0
http://linkedin-unlock-secure.click/login,1
http://108.220.27.171/login/password?session=lbmfo498dkec,1
https://blog.npmjs.com/search/results,0
https://help.cloudflare.com/questions,0
http://u8jz7ix.live/payment?account=63942&verify=true&session=8grtclmimw9xow6d,1
http://microsoft-invoice-secure.live/login,1
https://accounts.nytimes.com/watch,0
http://apple%2Dpayment.ga/auth%2Flogin%3Fid%3D69063,1
https://npmjs.com/news/technology,0
http://hr80v0.netflix-update.top/account/login,1
http://27.228.25.21/login/verify?session=frcant4hpg5g,1
http://secure-chase-billing.ga/payment/update?account=978496,1
http://119.78.209.45/login/urgent?session=slc1yevq6b9v,1
https://developer.mozilla.org/search,0
http://pcxevgn.support/urgent?account=233090&verify=true&session=ibz2mdjsa4tfmv00,1
https://docs.linkedin.com/topics/python?q=computer+science,0
https://microsoft.com/wiki/Artificial_intelligence?q=python+tutorial&sort=newest&q=machine+learning,0
https://accounts.apple.com/news/technology?q=python+tutorial,0
http://38.97.165.131/login/authenticate?session=te8aluw53o3m,1
http://dhl-account-secure.xyz/login,1
https://cloudflare.com/wiki/Artificial_intelligence,0
https://google.com/search/results?user=730283&utm_source=google&q=machine+learning,0
https://news.amazon.com/docs/python/tutorial?sort=popular&utm_medium=search,0
https://google.com/products/software,0
https://developer.youtube.com/watch?page=3&ref=homepage&topic=security,0
http://amazon-signin-secure.xyz/login,1
https://mozilla.org/questions/12345/example,0
https://arxiv.org/wiki/Artificial_intelligence?category=technology,0
https://reddit.com/help/article,0
https://learn.nytimes.com/search?sort=newest&q=python+tutorial,0
https://accounts.amazon.com/products/software?q=cybersecurity&q=python+tutorial&user=759386,0
http://4p8e0gwo.click/redirect?url=http%3A%2F%2Famazon%2Ecom%2Flogin,1
http://instagram%2Dsecurity.xyz/auth%2Flogin%3Fid%3D732569,1
https://developer.mozilla.org/user/profile?q=artificial+intelligence&language=en&utm_source=google,0
https://www.apple.com/account/settings,0
http://verify-netflix-account.info/verify?user=377885,1
https://stackoverflow.com/wiki/Artificial_intelligence?utm_medium=search&category=technology&q=computer+science,0
http://instagram-login-secure.top/login,1
http://sjbz04.fedex-security.site/account/login,1
https://amazon.com/download?ref=homepage&page=2&year=2026,0
https://help.docs.python.org/search,0
https://medium.com/search?category=technology&sort=popular,0
http://6wc4zf.microsoft-security.support/account/login,1
https://developer.npmjs.com/help/article?q=computer+science&language=en&q=artificial+intelligence,0
http://o63mcjx.biz/security?account=187822&verify=true&session=ndydx0m0c2fjthn4,1
http://kh0rovok61.online/downloads/invoice_update.vbs,1
http://7upjb34x74.support/downloads/invoice_update.rar,1
https://medium.com/topics/python?q=cybersecurity&sort=popular,0
https://youtube.com/news/technology?id=216651&page=3,0
https://accounts.linkedin.com/wiki/Artificial_intelligence,0
https://support.docs.python.org/repositories/example?q=machine+learning,0
https://python.org/video/technology?year=2026&category=technology&language=en,0
http://apple-support.live/account/security/verification/login/confirm,1
http://dhl-signin-secure.ga/login,1
http://secure-chase-billing.site/payment/update?account=575675,1
https://mozilla.org/community/discussion?utm_medium=search&q=cybersecurity&page=2,0
http://paypal-support.click/account/security/verification/login/confirm,1
http://k3xw2l.facebook-billing.support/account/login,1
https://youtube.com/questions?page=3&ref=homepage,0
https://developer.mozilla.org/blog/technology,0
http://verify-icloud-account.online/verify?user=338991,1
http://wzwf882f.top/redirect?url=http%3A%2F%2Fbankofamerica%2Ecom%2Flogin,1
https://learn.python.org/account/settings,0
https://developer.mozilla.org/search/results?q=computer+science,0
https://support.reddit.com/questions/12345/example?page=2&id=502601,0
http://3hh6siu.ga/update?account=135502&verify=true&session=46ymada2fjedjrjm,1
http://t1667zzxt8.xyz/downloads/invoice_update.php,1
https://npmjs.com/community/discussion?page=3,0
http://9d2ai3ik.live/redirect?url=http%3A%2F%2Fnetflix%2Ecom%2Flogin,1
https://reddit.com/repositories/example,0
https://apple.com/blog/article,0
https://blog.medium.com/community/discussion?ref=homepage&page=3,0
http://vmxclqz.top/account?account=605789&verify=true&session=r7sgkniilokc94p7,1
http://verify-facebook-account.click/verify?user=130339,1
https://docs.python.org/account/settings,0
http://google-support.xyz/account/security/verification/login/confirm,1
http://ccie6j.microsoft-wallet.biz/account/login,1
http://instagram-account-secure.click/login,1
https://python.org/wiki/Computer_security?year=2026,0
http://verify-apple-account.tk/verify?user=481966,1
http://dhl%2Dauthenticate.cc/auth%2Flogin%3Fid%3D37418,1
https://docs.amazon.com/articles/cybersecurity,0
http://apple-secure-secure.cc/login,1
http://c4tdi5.linkedin-password.tk/account/login,1
https://accounts.npmjs.com/wiki/Computer_security?year=2026,0
https://cloudflare.com/account/settings?year=2026,0
https://support.mozilla.org/search?id=470063&page=2,0
https://help.docs.python.org/search?language=en&category=technology,0
http://secure-google-billing.online/payment/update?account=132464,1
http://nvm7gr.netflix-authenticate.biz/account/login,1
http://avptcn98.info/redirect?url=http%3A%2F%2Ffedex%2Ecom%2Flogin,1
http://fbn7q2.bankofamerica-verify.site/account/login,1
https://wikipedia.org/community/discussion?id=126829&ref=homepage&q=cybersecurity,0
http://gn8ydfu.tk/unlock?account=826443&verify=true&session=4gf5hnigtbit3ak7,1
http://icloud-verification-secure.live/login,1
http://facebook-authenticate-secure.info/login,1
https://help.github.com/products/software,0
https://amazon.com/blog/technology,0
http://instagram-support.online/account/security/verification/login/confirm,1
https://apple.com/articles/cybersecurity?q=python+tutorial,0
http://netflix-account-secure.site/login,1
http://linkedin%2Dsignin.info/auth%2Flogin%3Fid%3D486247,1
https://npmjs.com/articles/cybersecurity?category=technology&sort=newest&q=python+tutorial,0
https://support.youtube.com/wiki/Computer_security?q=cybersecurity&q=computer+science&user=144885,0
https://developer.google.com/repositories/example,0
https://docs.cloudflare.com/wiki/Artificial_intelligence?utm_medium=search&q=artificial+intelligence,0
http://paypal-support.online/account/security/verification/login/confirm,1
https://arxiv.org/documentation/getting-started,0
http://cbn9ualvve.site/downloads/invoice_update.scr,1
http://verify-chase-account.ml/verify?user=477084,1
http://instagram-suspended-secure.tk/login,1
https://medium.com/documentation/getting-started,0
https://google.com/search/results,0
https://news.microsoft.com/products/software?page=3&ref=homepage,0
https://microsoft.com/articles/cybersecurity,0
http://48jtcjg.ml/billing?account=974047&verify=true&session=h17jofn57f6gacyj,1
http://u8z234dv.tk/redirect?url=http%3A%2F%2Ffedex%2Ecom%2Flogin,1
http://4b2an9xdpy.support/downloads/invoice_update.rar,1
http://rerb85.fedex-urgent.site/account/login,1
https://news.youtube.com/articles/cybersecurity?year=2026,0
https://arxiv.org/repositories/example?sort=popular&topic=security&user=54266,0
https://docs.python.org/documentation/getting-started?topic=security,0
http://15.255.101.41/login/restore?session=g0zxzgc2d8ze,1
http://7t5tlkvz.click/redirect?url=http%3A%2F%2Finstagram%2Ecom%2Flogin,1
https://www.youtube.com/articles/cybersecurity,0
http://verify-netflix-account.click/verify?user=305190,1
http://verify-apple-account.click/verify?user=919601,1
https://help.npmjs.com/wiki/Artificial_intelligence,0
http://apple-urgent-secure.tk/login,1
http://p9vuhi8.top/urgent?account=808852&verify=true&session=e25vgiox56gvxqjy,1
https://stackoverflow.com/search/results?q=cybersecurity&sort=newest,0
http://jm3nw0s.tk/restore?account=19604&verify=true&session=37ob8odz27xgqws9,1
https://apple.com/wiki/Computer_security?utm_medium=search&ref=homepage&page=2,0
http://apple-support.cc/account/security/verification/login/confirm,1
https://learn.ubuntu.com/watch?page=3,0
http://xf1ree.apple-urgent.ga/account/login,1
https://microsoft.com/news/technology?user=185308&q=artificial+intelligence,0
https://cloudflare.com/documentation/getting-started,0
http://secure-facebook-billing.support/payment/update?account=483028,1
https://accounts.mozilla.org/community/discussion,0
http://linkedin-suspended-secure.top/login,1
https://accounts.linkedin.com/projects/example/issues/123?utm_medium=search&page=2,0
https://developer.mozilla.org/download?id=154350&q=artificial+intelligence&utm_medium=search,0
http://edvb2uua7q.cc/downloads/invoice_update.php,1
https://arxiv.org/projects/example/issues/123?ref=homepage&q=python+tutorial,0
https://support.linkedin.com/questions/12345/example,0
https://support.npmjs.com/repositories/example,0
http://secure-linkedin-billing.biz/payment/update?account=975218,1
http://verify-bankofamerica-account.biz/verify?user=546957,1
http://wellsfargo-update-secure.online/login,1
http://k0ke9kkq.tk/redirect?url=http%3A%2F%2Famazon%2Ecom%2Flogin,1
http://eelf7fy.xyz/wallet?account=476676&verify=true&session=mlpxmoobxr7suf0v,1
https://ubuntu.com/news/technology,0
http://secure-paypal-billing.live/payment/update?account=781736,1
http://64.27.109.215/login/security?session=2l5e80kst3w0,1
https://help.apple.com/download?page=2,0
https://accounts.cloudflare.com/news/technology?utm_source=google&category=technology&q=python+tutorial,0
http://jvpaohu.info/confirm?account=562140&verify=true&session=rytoqri9buqbdkng,1
https://amazon.com/products/software,0
https://docs.wikipedia.org/blog/article,0
http://paypal-security-secure.biz/login,1
http://verify-linkedin-account.biz/verify?user=539301,1
https://accounts.cloudflare.com/blog/technology?topic=security&user=28657,0
https://medium.com/wiki/Artificial_intelligence?q=machine+learning&utm_source=google&page=2,0
http://secure-linkedin-billing.cc/payment/update?account=557166,1
http://h9f2t5oy.ga/redirect?url=http%3A%2F%2Fpaypal%2Ecom%2Flogin,1
http://icloud-verification-secure.support/login,1
https://wikipedia.org/docs/python/tutorial?page=2&utm_source=google&page=3,0
http://verify-chase-account.xyz/verify?user=767113,1
http://linkedin-support.info/account/security/verification/login/confirm,1
https://learn.stackoverflow.com/questions/12345/example?year=2026,0
http://svptev.linkedin-login.xyz/account/login,1
https://developer.mozilla.org/topics/python?sort=newest,0
https://www.developer.mozilla.org/user/profile?category=technology&ref=homepage,0
http://zb5ufkf.live/wallet?account=60706&verify=true&session=f6siykiytsg7birw,1
http://icloud-suspended-secure.click/login,1
https://docs.arxiv.org/community/discussion?user=998519&q=cybersecurity,0
http://dhl-payment-secure.info/login,1
https://wikipedia.org/docs/python/tutorial,0
https://npmjs.com/help/article?q=machine+learning&topic=security,0
http://secure-fedex-billing.click/payment/update?account=230389,1
http://paypal%2Dpayment.top/auth%2Flogin%3Fid%3D212192,1
http://8oilcbd.live/suspended?account=340410&verify=true&session=auswh2oyu9xscueo,1
https://www.docs.python.org/news/technology?page=3,0
https://learn.mozilla.org/blog/article?year=2026,0
http://secure-dhl-billing.site/payment/update?account=727233,1
https://support.apple.com/user/profile?ref=homepage,0
https://reddit.com/search/results?q=computer+science&q=cybersecurity,0
http://facebook-support.click/account/security/verification/login/confirm,1
https://youtube.com/wiki/Computer_security?language=en&sort=newest&utm_source=google,0
http://qmzqnzrsqn.xyz/downloads/invoice_update.exe,1
https://npmjs.com/blog/article,0
http://secure-amazon-billing.xyz/payment/update?account=596294,1
http://wkx0bs9.ml/account?account=610182&verify=true&session=jsz1iu21dfm7c4vf,1
https://linkedin.com/blog/article?page=3,0
https://support.reddit.com/articles/cybersecurity,0
http://verify-instagram-account.ga/verify?user=347300,1
https://blog.reddit.com/search/results,0
https://news.stackoverflow.com/wiki/Computer_security?category=technology,0
https://ubuntu.com/questions?topic=security,0
http://google-billing-secure.click/login,1
http://wellsfargo%2Dlogin.ga/auth%2Flogin%3Fid%3D908048,1
https://accounts.youtube.com/user/profile?utm_medium=search,0
http://instagram-support.support/account/security/verification/login/confirm,1
http://8esvys2.tk/verification?account=770567&verify=true&session=sp2ahswmgf25101v,1
https://docs.cloudflare.com/docs/python/tutorial?q=machine+learning&utm_medium=search&topic=security,0
https://apple.com/articles/cybersecurity?user=591408&sort=popular,0
https://help.arxiv.org/topics/python?ref=homepage&year=2026,0
http://secure-amazon-billing.info/payment/update?account=454126,1
https://amazon.com/blog/technology?utm_source=google,0
http://icloud%2Dbilling.live/auth%2Flogin%3Fid%3D186032,1
https://www.github.com/questions/12345/example?q=python+tutorial&sort=popular,0
http://4mu1qi2iqn.support/downloads/invoice_update.zip,1
http://netflix-support.support/account/security/verification/login/confirm,1
http://i579sr5c.click/redirect?url=http%3A%2F%2Fpaypal%2Ecom%2Flogin,1
http://vc7n5sxz.live/redirect?url=http%3A%2F%2Fapple%2Ecom%2Flogin,1
https://support.github.com/community/discussion?q=artificial+intelligence&year=2026&id=149725,0
http://182.111.221.63/login/password?session=5clap8927ke9,1
http://verify-icloud-account.info/verify?user=534970,1
http://secure-microsoft-billing.xyz/payment/update?account=527346,1
https://microsoft.com/questions/12345/example?q=cybersecurity&page=2&ref=homepage,0
http://paypal-support.top/account/security/verification/login/confirm,1
http://ab3n3fmc.click/redirect?url=http%3A%2F%2Famazon%2Ecom%2Flogin,1
http://verify-amazon-account.xyz/verify?user=647749,1
http://chase-verification-secure.biz/login,1
https://developer.stackoverflow.com/news/technology?q=machine+learning,0
http://nujpj8x.tk/restore?account=391992&verify=true&session=w9bw5t5x6g0zcj7q,1
https://python.org/search/results,0
https://help.arxiv.org/questions?id=657293,0
https://stackoverflow.com/projects/example/issues/123?q=machine+learning&page=3&q=computer+science,0
http://icloud-support.ga/account/security/verification/login/confirm,1
https://help.youtube.com/documentation/getting-started,0
http://82.99.22.80/login/wallet?session=a44xhoc1eaji,1
http://verify-icloud-account.ga/verify?user=701178,1
http://201.246.115.215/login/secure?session=wf800t54tgnf,1
http://yjg85sp.ml/payment?account=22590&verify=true&session=0s5timiz7pt74blv,1
https://accounts.linkedin.com/search,0
https://mozilla.org/community/discussion,0
https://github.com/download?page=2&language=en&category=technology,0
http://b79kjodv60.site/downloads/invoice_update.rar,1
http://secure-dhl-billing.tk/payment/update?account=249980,1
https://www.apple.com/search/results?ref=homepage,0
http://rm03qw.google-urgent.top/account/login,1
http://8fgd0x9.xyz/password?account=318801&verify=true&session=uu301ptuth9lgj0r,1
http://secure-microsoft-billing.site/payment/update?account=630865,1
https://learn.stackoverflow.com/news/technology?year=2026&sort=popular,0
https://www.python.org/help/article?sort=newest&page=2&q=machine+learning,0
http://3m9qq6.amazon-signin.top/account/login,1
http://lp3g49q4lf.support/downloads/invoice_update.exe,1
https://ubuntu.com/repositories/example?page=3&id=720575&q=artificial+intelligence,0
http://omx8o6tm.xyz/redirect?url=http%3A%2F%2Ficloud%2Ecom%2Flogin,1
https://stackoverflow.com/search/results,0
http://secure-dhl-billing.online/payment/update?account=288107,1
http://i17xh53m14.support/downloads/invoice_update.php,1
http://8u1jl2h.click/payment?account=610187&verify=true&session=k0biyeh916bhbo1a,1
http://secure-microsoft-billing.live/payment/update?account=296456,1
http://ba1kpqu.biz/signin?account=611988&verify=true&session=rk0rc50b9undfido,1
https://learn.docs.python.org/documentation/getting-started?topic=security&page=2,0
https://npmjs.com/wiki/Computer_security?q=computer+science&year=2026&q=artificial+intelligence,0
https://developer.mozilla.org/questions?sort=newest&id=701646,0
https://docs.developer.mozilla.org/watch,0
http://th1apml896.tk/downloads/invoice_update.rar,1
https://developer.ubuntu.com/questions/12345/example,0
http://microsoft%2Durgent.xyz/auth%2Flogin%3Fid%3D910933,1
https://medium.com/documentation/getting-started,0
http://icloud-confirm-secure.site/login,1
http://fedex-support.xyz/account/security/verification/login/confirm,1
http://195.143.210.117/login/verification?session=l1qtde6l6htn,1
http://secure-fedex-billing.cc/payment/update?account=136170,1
http://fedex-wallet-secure.info/login,1
https://docs.amazon.com/products/software,0
https://arxiv.org/repositories/example?q=computer+science&utm_source=google,0
http://linkedin-wallet-secure.click/login,1
http://l7vpidju.ml/redirect?url=http%3A%2F%2Ffedex%2Ecom%2Flogin,1
http://0xbvi4bl.info/redirect?url=http%3A%2F%2Flinkedin%2Ecom%2Flogin,1
https://developer.wikipedia.org/user/profile?q=artificial+intelligence&page=3,0
http://rk1zbp01.xyz/redirect?url=http%3A%2F%2Ffedex%2Ecom%2Flogin,1
http://e9903zkj.ml/redirect?url=http%3A%2F%2Ficloud%2Ecom%2Flogin,1
http://netflix-support.ml/account/security/verification/login/confirm,1
http://ymma8mmsst.support/downloads/invoice_update.zip,1
http://2ci7q1.apple-verification.xyz/account/login,1
https://learn.arxiv.org/questions/12345/example?q=python+tutorial&id=95960&year=2026,0
http://verify-paypal-account.online/verify?user=972646,1
http://93.205.190.128/login/wallet?session=r9d9tm5ftk0j,1
https://accounts.stackoverflow.com/community/discussion?q=cybersecurity&q=computer+science&ref=homepage,0
http://97.118.1.8/login/urgent?session=r8o5ozofwljh,1
https://mozilla.org/search/results?category=technology,0
http://secure-chase-billing.support/payment/update?account=503201,1
https://support.stackoverflow.com/search?q=artificial+intelligence&q=machine+learning,0
http://verify-chase-account.tk/verify?user=25060,1
http://21.134.99.177/login/restore?session=f7fm2ijm7atv,1
https://youtube.com/projects/example/issues/123,0
https://nytimes.com/help/article,0
http://paypal%2Drestore.top/auth%2Flogin%3Fid%3D646653,1
https://apple.com/search?utm_source=google&sort=newest&year=2026,0
http://facebook-wallet-secure.support/login,1
http://20826r.fedex-authenticate.click/account/login,1
http://verify-amazon-account.ml/verify?user=241812,1
http://bankofamerica%2Durgent.ml/auth%2Flogin%3Fid%3D797456,1
https://www.stackoverflow.com/news/technology?year=2026,0
http://9pfj4a.icloud-unlock.top/account/login,1
http://vc20xu3o.ga/redirect?url=http%3A%2F%2Fchase%2Ecom%2Flogin,1
http://facebook-billing-secure.online/login,1
http://icloud%2Dsecure.live/auth%2Flogin%3Fid%3D78178,1
http://kgy97cd.cc/urgent?account=787864&verify=true&session=vp48ne9yj64l6rvt,1
https://accounts.developer.mozilla.org/user/profile?category=technology&q=artificial+intelligence,0
https://stackoverflow.com/download?sort=popular,0
http://paypal-secure-secure.click/login,1
https://google.com/questions,0
http://xzmqvl.icloud-verify.site/account/login,1
http://cyozjf6.support/restore?account=844245&verify=true&session=zxxdtsqtc21zmtmo,1
https://nytimes.com/search?category=technology&sort=popular&utm_medium=search,0
http://c6pr6rj.click/urgent?account=706048&verify=true&session=15t820l0wd4srvzu,1
https://docs.mozilla.org/watch?q=machine+learning&q=computer+science&topic=security,0
http://amazon-support.cc/account/security/verification/login/confirm,1
https://npmjs.com/products/software?id=866401&language=en&ref=homepage,0
http://verify-linkedin-account.ga/verify?user=736061,1
https://www.github.com/news/technology?topic=security&id=208567,0
https://youtube.com/articles/cybersecurity?topic=security&q=machine+learning&q=artificial+intelligence,0
https://cloudflare.com/documentation/getting-started?topic=security,0
https://developer.linkedin.com/questions/12345/example?category=technology&q=machine+learning&page=3,0
http://q0qvtww3.top/redirect?url=http%3A%2F%2Fgoogle%2Ecom%2Flogin,1
https://help.docs.python.org/blog/technology?user=347663&page=3&year=2026,0
http://chase-support.ml/account/security/verification/login/confirm,1
http://secure-dhl-billing.cc/payment/update?account=443529,1
https://docs.python.org/articles/cybersecurity?q=python+tutorial&q=cybersecurity,0
https://accounts.nytimes.com/blog/technology?utm_medium=search,0
https://mozilla.org/community/discussion?id=936390,0
https://www.developer.mozilla.org/docs/python/tutorial?sort=popular&page=2&page=3,0
http://w1cwxzntpf.top/downloads/invoice_update.rar,1
http://i963nrszy7.ga/downloads/invoice_update.zip,1
https://npmjs.com/community/discussion?category=technology,0
http://microsoft-wallet-secure.ga/login,1
http://apple-support.site/account/security/verification/login/confirm,1
https://learn.medium.com/watch?user=413433&q=machine+learning,0
https://stackoverflow.com/blog/article?q=cybersecurity&q=artificial+intelligence,0
http://150.93.229.21/login/payment?session=uqb0o7u03aid,1
http://secure-paypal-billing.info/payment/update?account=304769,1
https://developer.mozilla.org/watch?topic=security&q=computer+science&q=artificial+intelligence,0
http://microsoft-support.info/account/security/verification/login/confirm,1
http://ebd5rgnkrx.xyz/downloads/invoice_update.cmd,1
http://secure-google-billing.live/payment/update?account=796855,1
http://secure-instagram-billing.site/payment/update?account=452875,1
https://medium.com/docs/python/tutorial?q=cybersecurity,0
http://amazon-support.top/account/security/verification/login/confirm,1
https://apple.com/video/technology?sort=newest&q=computer+science&utm_medium=search,0
http://m4v6kgv8xu.info/downloads/invoice_update.exe,1
https://stackoverflow.com/articles/cybersecurity,0
http://verify-linkedin-account.online/verify?user=564867,1
https://github.com/wiki/Artificial_intelligence?sort=popular,0
http://chase%2Drestore.ga/auth%2Flogin%3Fid%3D470294,1
http://verify-google-account.ga/verify?user=648861,1
http://amazon-login-secure.info/login,1
https://microsoft.com/user/profile?q=machine+learning&language=en&q=cybersecurity,0
http://secure-microsoft-billing.ml/payment/update?account=371888,1
http://verify-microsoft-account.live/verify?user=435167,1
https://mozilla.org/wiki/Computer_security,0
https://developer.github.com/products/software?user=790882&sort=popular&q=machine+learning,0
https://amazon.com/account/settings,0
http://e6dto6.instagram-wallet.biz/account/login,1
http://verify-facebook-account.live/verify?user=339873,1
https://youtube.com/video/technology?page=2&page=3&q=computer+science,0
https://wikipedia.org/blog/technology?sort=popular&page=2,0
http://60mf1od.site/unlock?account=365384&verify=true&session=k5dqnyllwf1qipah,1
http://dhl%2Dbilling.live/auth%2Flogin%3Fid%3D477865,1
https://cloudflare.com/watch?sort=newest&q=computer+science&q=cybersecurity,0
https://linkedin.com/products/software?ref=homepage,0
https://medium.com/documentation/getting-started?id=40434&year=2026,0
http://208.27.116.144/login/unlock?session=7sbg143zjehb,1
https://google.com/projects/example/issues/123?year=2026,0
https://help.github.com/wiki/Artificial_intelligence?language=en,0
https://cloudflare.com/questions/12345/example?user=230027,0
http://verify-apple-account.biz/verify?user=454226,1
https://microsoft.com/account/settings?year=2026&sort=popular,0
https://help.ubuntu.com/wiki/Computer_security?sort=newest&utm_medium=search,0
https://wikipedia.org/user/profile,0
http://verify-facebook-account.tk/verify?user=467944,1
https://docs.python.org/documentation/getting-started,0
https://accounts.nytimes.com/blog/technology,0
https://help.amazon.com/users/12345,0
https://news.ubuntu.com/questions/12345/example,0
http://yww7nssv.ml/redirect?url=http%3A%2F%2Fchase%2Ecom%2Flogin,1
http://facebook-support.ml/account/security/verification/login/confirm,1
http://verify-linkedin-account.top/verify?user=611496,1
https://reddit.com/video/technology?utm_source=google,0
http://instagram%2Dsecurity.ml/auth%2Flogin%3Fid%3D786654,1
http://verify-netflix-account.cc/verify?user=76310,1
http://uelyajap.biz/redirect?url=http%3A%2F%2Finstagram%2Ecom%2Flogin,1
https://youtube.com/topics/python?page=2&utm_source=google&sort=popular,0
http://verify-icloud-account.info/verify?user=607266,1
https://docs.medium.com/wiki/Computer_security,0
http://secure-instagram-billing.online/payment/update?account=967589,1
http://kxk8ryu6b1.cc/downloads/invoice_update.exe,1
https://blog.mozilla.org/search?q=artificial+intelligence&sort=newest&q=computer+science,0
https://help.arxiv.org/questions/12345/example?category=technology&q=machine+learning,0
http://microsoft%2Dlogin.info/auth%2Flogin%3Fid%3D444754,1
http://dhl%2Dconfirm.site/auth%2Flogin%3Fid%3D417138,1
https://wikipedia.org/docs/python/tutorial,0
http://85.47.214.103/login/update?session=6eenn4m12b4i,1
https://news.linkedin.com/news/technology?q=machine+learning&q=computer+science,0
https://nytimes.com/docs/python/tutorial?sort=newest&utm_source=google,0
https://cloudflare.com/blog/article?user=226942&q=python+tutorial&q=computer+science,0
https://accounts.wikipedia.org/wiki/Artificial_intelligence?user=209665&q=cybersecurity&page=2,0
http://secure-paypal-billing.ml/payment/update?account=831836,1
https://npmjs.com/blog/technology,0
https://arxiv.org/users/12345?language=en&topic=security,0
https://support.linkedin.com/video/technology,0
https://support.youtube.com/wiki/Artificial_intelligence?language=en&topic=security,0
http://verify-microsoft-account.cc/verify?user=582252,1
http://apple-restore-secure.support/login,1
https://ubuntu.com/repositories/example?q=computer+science&topic=security&id=224701,0
https://nytimes.com/search?utm_medium=search&sort=newest,0
https://python.org/users/12345,0
https://www.reddit.com/blog/article?language=en,0
https://medium.com/news/technology?utm_medium=search&utm_source=google,0
https://nytimes.com/topics/python,0
https://mozilla.org/video/technology?q=python+tutorial&sort=popular,0
http://fedex-restore-secure.online/login,1
https://help.arxiv.org/user/profile?id=776165,0
https://stackoverflow.com/questions/12345/example?user=92083&sort=popular,0
https://developer.mozilla.org/user/profile?q=artificial+intelligence&utm_medium=search,0
http://secure-instagram-billing.biz/payment/update?account=43338,1
http://q8lfp7ahhu.site/downloads/invoice_update.bat,1
http://i3do3h0.ml/invoice?account=111922&verify=true&session=1b96h4jimyq45h8m,1
http://fedex-confirm-secure.online/login,1
https://blog.npmjs.com/repositories/example?utm_medium=search&sort=newest&id=7814,0
https://reddit.com/users/12345?q=python+tutorial&q=artificial+intelligence,0
https://docs.amazon.com/questions?id=799329&ref=homepage,0
https://github.com/help/article?sort=newest,0
https://blog.medium.com/download?utm_source=google&q=machine+learning&sort=popular,0
https://docs.python.org/articles/cybersecurity?page=2,0
http://mp2qygi.top/update?account=887944&verify=true&session=fu4x1k1qgl1b6q7h,1
https://help.wikipedia.org/questions,0
https://cloudflare.com/repositories/example,0
https://www.youtube.com/users/12345,0
http://bankofamerica-support.site/account/security/verification/login/confirm,1
http://8m63fpv.live/suspended?account=367055&verify=true&session=z11pn8w81qe38juy,1
http://dhl%2Dupdate.ml/auth%2Flogin%3Fid%3D943169,1
https://medium.com/repositories/example,0
https://www.docs.python.org/watch?topic=security&q=python+tutorial,0
https://google.com/news/technology?id=289086,0
https://ubuntu.com/docs/python/tutorial?category=technology&page=3,0
https://learn.nytimes.com/search/results?topic=security&utm_medium=search,0
https://google.com/questions/12345/example,0
http://177.179.117.62/login/urgent?session=nxbhzl0iuect,1
https://docs.microsoft.com/questions/12345/example,0
http://paypal-support.support/account/security/verification/login/confirm,1
http://iyzoohygsd.top/downloads/invoice_update.rar,1
https://wikipedia.org/wiki/Computer_security?page=3,0
https://wikipedia.org/questions?utm_medium=search,0
http://verify-wellsfargo-account.support/verify?user=757668,1
http://secure-amazon-billing.support/payment/update?account=925510,1
https://reddit.com/watch?utm_source=google&year=2026&topic=security,0
http://o40iskz.ml/verification?account=401496&verify=true&session=iixqjco0odfrdgvj,1
http://secure-google-billing.ml/payment/update?account=971120,1
https://mozilla.org/download?user=571027&page=3&page=2,0
http://microsoft-invoice-secure.xyz/login,1
https://amazon.com/community/discussion?utm_source=google&page=2,0
http://secure-netflix-billing.top/payment/update?account=418416,1
http://57.101.62.128/login/secure?session=fq3uwqek9ksl,1
http://bankofamerica-unlock-secure.cc/login,1
http://verify-fedex-account.cc/verify?user=930039,1
http://verify-netflix-account.cc/verify?user=375254,1
http://secure-chase-billing.cc/payment/update?account=722124,1
http://fedex-support.info/account/security/verification/login/confirm,1
http://instagram%2Dupdate.top/auth%2Flogin%3Fid%3D644348,1
http://u1rnc4k.ga/login?account=845226&verify=true&session=g6633e1gyu63lo0p,1
http://ij254d8u.online/redirect?url=http%3A%2F%2Fgoogle%2Ecom%2Flogin,1
https://amazon.com/news/technology,0
http://157.192.229.1/login/urgent?session=ispyuitcwwo1,1
http://8am17n.apple-secure.xyz/account/login,1
https://support.medium.com/questions?ref=homepage&q=machine+learning,0
https://medium.com/search,0
http://rllclp4y.support/redirect?url=http%3A%2F%2Fpaypal%2Ecom%2Flogin,1
http://dhl-signin-secure.info/login,1
https://support.ubuntu.com/products/software,0
http://amazon%2Dunlock.xyz/auth%2Flogin%3Fid%3D549984,1
https://ubuntu.com/wiki/Artificial_intelligence?q=cybersecurity,0
https://ubuntu.com/help/article,0
http://amazon%2Drestore.xyz/auth%2Flogin%3Fid%3D86845,1
https://accounts.nytimes.com/documentation/getting-started?page=2&sort=popular,0
http://180.37.106.37/login/restore?session=q1w6yyni48qg,1
https://docs.medium.com/community/discussion?utm_medium=search&language=en,0
https://news.arxiv.org/docs/python/tutorial?q=artificial+intelligence&page=2,0
http://paypal-password-secure.info/login,1
https://accounts.wikipedia.org/user/profile?user=635868,0
http://verify-icloud-account.cc/verify?user=169109,1
http://26bjko.instagram-security.tk/account/login,1
http://cz4rv19z.site/redirect?url=http%3A%2F%2Ffedex%2Ecom%2Flogin,1
https://linkedin.com/documentation/getting-started?page=2&utm_source=google,0
https://help.github.com/users/12345?year=2026,0
https://news.python.org/documentation/getting-started?sort=popular&page=3,0
https://help.stackoverflow.com/users/12345?page=2&year=2026&sort=newest,0
http://secure-paypal-billing.xyz/payment/update?account=978953,1
https://reddit.com/topics/python?topic=security&q=artificial+intelligence,0
https://help.linkedin.com/topics/python?ref=homepage&q=machine+learning&page=2,0
http://secure-amazon-billing.ml/payment/update?account=934779,1
http://117.235.22.100/login/security?session=a8vt8f914qyp,1
http://30.145.174.154/login/security?session=196gbygz9dsw,1
https://google.com/news/technology?id=390616&year=2026,0
https://github.com/wiki/Computer_security,0
http://bwkbuwcw4j.cc/downloads/invoice_update.js,1
https://ubuntu.com/community/discussion?user=582757&topic=security,0
http://lt42p1.netflix-verification.biz/account/login,1
https://www.arxiv.org/news/technology?q=machine+learning&q=artificial+intelligence&ref=homepage,0
http://secure-chase-billing.top/payment/update?account=281313,1
https://developer.developer.mozilla.org/repositories/example?utm_source=google&sort=popular&id=785225,0
http://verify-bankofamerica-account.live/verify?user=75039,1
http://secure-netflix-billing.online/payment/update?account=510006,1
https://www.amazon.com/wiki/Artificial_intelligence?page=2,0
https://developer.mozilla.org/projects/example/issues/123?utm_source=google&ref=homepage&user=924685,0
https://ubuntu.com/search/results,0
https://accounts.amazon.com/help/article?page=2&topic=security&user=79501,0
http://wkuixjd3.biz/redirect?url=http%3A%2F%2Ffedex%2Ecom%2Flogin,1
https://youtube.com/products/software?user=471050,0
http://apple-support.tk/account/security/verification/login/confirm,1
http://verify-facebook-account.cc/verify?user=199331,1
http://g0jptfyq.biz/redirect?url=http%3A%2F%2Fdhl%2Ecom%2Flogin,1
https://npmjs.com/user/profile?q=machine+learning&id=479608&category=technology,0
http://apple%2Dverification.ga/auth%2Flogin%3Fid%3D667538,1
https://docs.reddit.com/wiki/Artificial_intelligence?id=267659&utm_medium=search,0
https://github.com/documentation/getting-started?sort=popular,0
http://linkedin-secure-secure.top/login,1
http://g7k6ave0z1.cc/downloads/invoice_update.exe,1
http://secure-bankofamerica-billing.cc/payment/update?account=980602,1
http://0hggd44.cc/urgent?account=412256&verify=true&session=t2xsw0v3j63jkyns,1
https://support.reddit.com/questions/12345/example?sort=newest&page=3&q=artificial+intelligence,0
http://google%2Dunlock.cc/auth%2Flogin%3Fid%3D611939,1
https://stackoverflow.com/blog/technology,0
http://zfmpfvwxmd.top/downloads/invoice_update.scr,1
http://linkedin-support.site/account/security/verification/login/confirm,1
https://amazon.com/products/software?q=python+tutorial&year=2026&category=technology,0
https://docs.mozilla.org/docs/python/tutorial?id=943874,0
http://ocuevzznbd.support/downloads/invoice_update.cmd,1
http://zrg9aq.paypal-account.xyz/account/login,1
http://t9diwo.facebook-verification.support/account/login,1
http://verify-google-account.ga/verify?user=712999,1
http://amazon-login-secure.biz/login,1
http://x2k9x5vw.site/redirect?url=http%3A%2F%2Fwellsfargo%2Ecom%2Flogin,1
http://instagram-support.site/account/security/verification/login/confirm,1
http://21nua0.instagram-secure.info/account/login,1
http://67.65.88.80/login/restore?session=kgx3pdgle6uj,1
https://google.com/projects/example/issues/123?sort=newest&language=en&q=artificial+intelligence,0
http://verify-icloud-account.xyz/verify?user=69220,1
http://dhl-support.xyz/account/security/verification/login/confirm,1
http://a4pg4f8ahe.tk/downloads/invoice_update.cmd,1
https://accounts.python.org/news/technology?ref=homepage&topic=security&user=610418,0
https://docs.python.org/watch?q=artificial+intelligence&topic=security,0
http://e4r4ef.google-password.support/account/login,1
http://bankofamerica-support.tk/account/security/verification/login/confirm,1
https://www.youtube.com/blog/article?ref=homepage&q=machine+learning&category=technology,0
http://microsoft-password-secure.biz/login,1
http://apple-support.ml/account/security/verification/login/confirm,1
https://news.docs.python.org/news/technology,0
https://docs.mozilla.org/account/settings,0
http://yskdg6gbin.live/downloads/invoice_update.php,1
http://facebook-support.cc/account/security/verification/login/confirm,1
https://blog.medium.com/users/12345?sort=popular&ref=homepage&sort=newest,0
https://python.org/video/technology?q=computer+science,0
http://gxvomne.info/unlock?account=680057&verify=true&session=2oent5vye1g3yxdj,1
http://e0tz7ig.online/account?account=806868&verify=true&session=aam4ab2cp57d7601,1
https://support.stackoverflow.com/products/software,0
http://verify-google-account.xyz/verify?user=511243,1
https://cloudflare.com/products/software,0
http://nyuqizl.xyz/update?account=300755&verify=true&session=g38qldljootvgeac,1
https://mozilla.org/help/article,0
http://instagram-support.live/account/security/verification/login/confirm,1
http://verify-apple-account.info/verify?user=640694,1
http://3xzsk7t.online/wallet?account=840267&verify=true&session=eatacnk4nbnit7l2,1
http://fedex-support.ga/account/security/verification/login/confirm,1
http://verify-paypal-account.xyz/verify?user=62553,1
http://verify-amazon-account.xyz/verify?user=556832,1
http://chase-support.xyz/account/security/verification/login/confirm,1
http://kino7k.facebook-account.tk/account/login,1
http://verify-bankofamerica-account.info/verify?user=551081,1
http://secure-amazon-billing.click/payment/update?account=15512,1
http://xm3io5z0.live/redirect?url=http%3A%2F%2Famazon%2Ecom%2Flogin,1
https://support.microsoft.com/account/settings,0
https://support.youtube.com/questions?page=3&id=502093&ref=homepage,0
http://verify-fedex-account.cc/verify?user=197716,1
http://j6hjw7mzkd.info/downloads/invoice_update.rar,1
http://4r221wyu.ga/redirect?url=http%3A%2F%2Flinkedin%2Ecom%2Flogin,1
https://blog.npmjs.com/blog/technology?q=python+tutorial&page=2&topic=security,0
http://secure-netflix-billing.tk/payment/update?account=690302,1
https://help.google.com/blog/article?q=python+tutorial&user=378617,0
https://www.python.org/articles/cybersecurity,0
http://142.46.129.117/login/unlock?session=6vkq3ttiamuq,1
https://docs.wikipedia.org/community/discussion,0
http://qg664l.google-unlock.live/account/login,1
http://1rua1c.apple-signin.ga/account/login,1
https://news.github.com/wiki/Artificial_intelligence,0
https://npmjs.com/repositories/example?language=en&sort=newest,0
https://docs.python.org/user/profile?sort=popular,0
http://verify-wellsfargo-account.biz/verify?user=553313,1
https://developer.cloudflare.com/wiki/Artificial_intelligence?language=en,0
http://5e6xwta2jo.live/downloads/invoice_update.rar,1
https://learn.google.com/documentation/getting-started?utm_medium=search&id=94806,0
https://help.python.org/questions/12345/example?user=48623&topic=security&category=technology,0
http://c3rf6ubx8i.top/downloads/invoice_update.bat,1
http://apple-support.top/account/security/verification/login/confirm,1
http://google%2Dupdate.top/auth%2Flogin%3Fid%3D256674,1
https://news.microsoft.com/video/technology?ref=homepage&year=2026&utm_source=google,0
http://verify-amazon-account.ga/verify?user=523937,1
https://github.com/documentation/getting-started?topic=security,0
http://verify-linkedin-account.site/verify?user=914129,1
https://accounts.python.org/user/profile?q=computer+science&q=machine+learning&sort=newest,0
http://verify-dhl-account.site/verify?user=864550,1
http://amazon-billing-secure.site/login,1
https://wikipedia.org/video/technology,0
https://learn.microsoft.com/users/12345?q=cybersecurity&user=618203,0
http://tohnz7f5.support/redirect?url=http%3A%2F%2Finstagram%2Ecom%2Flogin,1
http://netflix%2Dpayment.xyz/auth%2Flogin%3Fid%3D617481,1
http://microsoft-support.top/account/security/verification/login/confirm,1
https://news.cloudflare.com/questions/12345/example?id=994471&user=151703&sort=newest,0
http://upnc2b.amazon-confirm.ga/account/login,1
https://blog.stackoverflow.com/documentation/getting-started?utm_medium=search&utm_source=google&q=machine+learning,0
https://news.python.org/community/discussion?q=machine+learning,0
https://developer.mozilla.org/download?user=637302,0
http://2fskb3v3.support/redirect?url=http%3A%2F%2Ficloud%2Ecom%2Flogin,1
https://npmjs.com/download,0
https://developer.mozilla.org/watch?category=technology&sort=popular&page=2,0
https://blog.reddit.com/users/12345?q=python+tutorial&year=2026,0
https://learn.wikipedia.org/user/profile,0
http://bmajbdvz.ga/redirect?url=http%3A%2F%2Finstagram%2Ecom%2Flogin,1
http://chase-security-secure.support/login,1
https://cloudflare.com/help/article?language=en&q=computer+science&id=318530,0
http://amazon%2Dunlock.tk/auth%2Flogin%3Fid%3D336721,1
http://microsoft%2Dinvoice.xyz/auth%2Flogin%3Fid%3D552046,1
https://google.com/user/profile,0
http://tybmye.amazon-wallet.support/account/login,1
http://secure-instagram-billing.ga/payment/update?account=134066,1
http://xa404e0l.support/redirect?url=http%3A%2F%2Flinkedin%2Ecom%2Flogin,1
https://news.microsoft.com/search/results?id=100566&page=3&utm_medium=search,0
https://npmjs.com/wiki/Artificial_intelligence,0
http://netflix-support.info/account/security/verification/login/confirm,1
https://help.stackoverflow.com/search/results,0
https://support.npmjs.com/users/12345?q=machine+learning&sort=popular,0
http://microsoft-verify-secure.online/login,1
https://learn.reddit.com/wiki/Computer_security,0
http://verify-bankofamerica-account.xyz/verify?user=430805,1
https://youtube.com/projects/example/issues/123?q=machine+learning&page=3,0
https://help.linkedin.com/video/technology?utm_medium=search,0
https://developer.youtube.com/search?ref=homepage&category=technology,0
http://c5sif1tc.top/redirect?url=http%3A%2F%2Fmicrosoft%2Ecom%2Flogin,1
https://youtube.com/articles/cybersecurity?ref=homepage&q=computer+science&id=359660,0
https://developer.apple.com/products/software,0
https://support.ubuntu.com/download?sort=newest&category=technology&page=2,0
https://www.wikipedia.org/blog/article?topic=security&utm_medium=search&page=2,0
http://qcyovf1.cc/billing?account=540954&verify=true&session=vjjr3z4xhiv9m4bd,1
https://apple.com/search/results?q=artificial+intelligence&q=python+tutorial,0
http://secure-netflix-billing.tk/payment/update?account=919383,1
http://instagram%2Dbilling.support/auth%2Flogin%3Fid%3D230251,1
https://www.cloudflare.com/products/software?topic=security&sort=popular&category=technology,0
http://apple-support.ml/account/security/verification/login/confirm,1
https://accounts.arxiv.org/download,0
https://youtube.com/community/discussion,0
http://secure-paypal-billing.tk/payment/update?account=71146,1
http://204.87.58.100/login/verification?session=om0hpe47vrcc,1
https://developer.amazon.com/search/results?id=147070&q=machine+learning&ref=homepage,0
http://s0yih56.live/login?account=695371&verify=true&session=u1viuvtjqv91z3ll,1
http://verify-chase-account.ga/verify?user=144765,1
https://docs.ubuntu.com/topics/python,0
http://l8r794px.cc/redirect?url=http%3A%2F%2Fwellsfargo%2Ecom%2Flogin,1
http://z25ei99.live/wallet?account=637249&verify=true&session=icodj72u2rcw6lpa,1
http://kx2dpnojvs.xyz/downloads/invoice_update.vbs,1
https://news.reddit.com/repositories/example,0
http://icloud-password-secure.online/login,1
https://help.medium.com/projects/example/issues/123?id=54457,0
http://microsoft-suspended-secure.top/login,1
https://youtube.com/video/technology,0
https://arxiv.org/questions?language=en&page=2,0
http://google-urgent-secure.tk/login,1
http://verify-instagram-account.support/verify?user=518544,1
http://k9yvx7.fedex-verify.biz/account/login,1
https://nytimes.com/news/technology,0
https://developer.github.com/wiki/Computer_security?sort=popular&page=2&q=machine+learning,0
https://learn.medium.com/blog/article?year=2026,0
https://blog.youtube.com/search/results?sort=popular,0
https://news.mozilla.org/help/article,0
https://accounts.npmjs.com/account/settings?language=en,0
https://medium.com/blog/technology,0
http://facebook-wallet-secure.tk/login,1
https://news.github.com/help/article?ref=homepage,0
https://news.amazon.com/help/article?page=3&q=python+tutorial,0
https://learn.developer.mozilla.org/wiki/Computer_security,0
https://google.com/download,0
http://149.5.132.245/login/signin?session=y7w0a1yl0en7,1
http://secure-amazon-billing.cc/payment/update?account=662453,1
https://ubuntu.com/help/article?q=computer+science&language=en&topic=security,0
https://microsoft.com/blog/technology?utm_source=google&q=machine+learning&category=technology,0
http://verify-instagram-account.xyz/verify?user=875613,1
https://learn.medium.com/video/technology?q=computer+science&q=artificial+intelligence&sort=newest,0
https://youtube.com/watch?q=python+tutorial&category=technology&utm_medium=search,0
https://github.com/video/technology?sort=newest&q=python+tutorial&q=computer+science,0
https://mozilla.org/repositories/example,0
https://blog.microsoft.com/account/settings?year=2026&category=technology&page=2,0
https://developer.mozilla.org/search/results?q=artificial+intelligence&language=en&category=technology,0
http://secure-dhl-billing.ga/payment/update?account=746497,1
https://accounts.linkedin.com/blog/technology?utm_source=google&sort=newest,0
https://blog.stackoverflow.com/blog/technology,0
http://microsoft-restore-secure.biz/login,1
http://secure-paypal-billing.xyz/payment/update?account=366585,1
http://secure-bankofamerica-billing.info/payment/update?account=475051,1
http://amazon-security-secure.online/login,1
http://116.39.95.26/login/security?session=iffdh736cpw9,1
http://secure-fedex-billing.ga/payment/update?account=514682,1
https://developer.stackoverflow.com/search,0
http://bankofamerica-password-secure.cc/login,1
https://mozilla.org/projects/example/issues/123?utm_medium=search,0
https://microsoft.com/articles/cybersecurity,0
https://news.wikipedia.org/help/article?id=449324&sort=newest,0
http://verify-netflix-account.support/verify?user=408261,1
http://amazon-support.ga/account/security/verification/login/confirm,1
http://lnzbp06b.top/redirect?url=http%3A%2F%2Famazon%2Ecom%2Flogin,1
https://medium.com/projects/example/issues/123?year=2026,0
http://verify-linkedin-account.site/verify?user=508270,1
http://pzvmi6.wellsfargo-account.online/account/login,1
http://verify-google-account.info/verify?user=684641,1
http://paypal-support.tk/account/security/verification/login/confirm,1
https://ubuntu.com/blog/technology,0
https://learn.mozilla.org/articles/cybersecurity,0
https://wikipedia.org/download?page=3&id=704281,0
http://secure-microsoft-billing.top/payment/update?account=412652,1
http://secure-amazon-billing.biz/payment/update?account=626109,1
http://secure-linkedin-billing.info/payment/update?account=892580,1
https://help.linkedin.com/topics/python,0
https://arxiv.org/users/12345?sort=newest&page=3,0
https://accounts.microsoft.com/topics/python?q=computer+science&q=cybersecurity,0
http://instagram%2Dinvoice.ml/auth%2Flogin%3Fid%3D436446,1
http://jwo0gi.facebook-security.info/account/login,1
http://96.174.75.12/login/update?session=xyecd05abz19,1
http://qdjdo7v.ga/update?account=283281&verify=true&session=c2ad9qfvfisj0u4u,1
https://linkedin.com/articles/cybersecurity,0
https://learn.mozilla.org/watch?page=2&utm_source=google&sort=newest,0
https://google.com/projects/example/issues/123,0
https://ubuntu.com/documentation/getting-started?q=artificial+intelligence&utm_medium=search&q=python+tutorial,0
https://wikipedia.org/wiki/Computer_security,0
https://python.org/blog/article?language=en,0
http://6gfnxm4p0x.ml/downloads/invoice_update.exe,1
https://docs.python.org/download?sort=newest,0
https://learn.npmjs.com/docs/python/tutorial?category=technology&q=cybersecurity,0
https://help.python.org/articles/cybersecurity?category=technology&q=cybersecurity,0
https://developer.mozilla.org/search/results?sort=newest&language=en,0
http://avfokuh2at.tk/downloads/invoice_update.scr,1
http://icloud-invoice-secure.top/login,1
http://1u5fkh.chase-billing.support/account/login,1
https://support.arxiv.org/blog/article?q=computer+science&utm_medium=search&q=python+tutorial,0
http://jkyswznmg3.click/downloads/invoice_update.zip,1
https://reddit.com/repositories/example?user=82724,0
http://z1pn7j.wellsfargo-urgent.click/account/login,1
http://172.131.163.118/login/payment?session=40zep881vvbc,1
http://secure-wellsfargo-billing.support/payment/update?account=560799,1
https://developer.mozilla.org/help/article?q=computer+science&q=cybersecurity,0
https://accounts.apple.com/products/software?language=en&q=computer+science,0
https://wikipedia.org/repositories/example?q=artificial+intelligence&sort=newest&topic=security,0
http://ihszmt.google-authenticate.cc/account/login,1
http://4ypvks0e.top/redirect?url=http%3A%2F%2Fmicrosoft%2Ecom%2Flogin,1
https://accounts.github.com/community/discussion?q=artificial+intelligence&year=2026,0
http://wsx7v6ov.info/redirect?url=http%3A%2F%2Fapple%2Ecom%2Flogin,1
http://verify-icloud-account.live/verify?user=304705,1
https://news.cloudflare.com/search?q=artificial+intelligence&utm_medium=search,0
https://www.medium.com/products/software?id=251588,0
https://learn.reddit.com/account/settings?year=2026&id=905493,0
http://wellsfargo-support.xyz/account/security/verification/login/confirm,1
http://facebook%2Dupdate.ml/auth%2Flogin%3Fid%3D463092,1
http://bibya5.dhl-signin.top/account/login,1
https://developer.linkedin.com/docs/python/tutorial?utm_medium=search&q=computer+science&language=en,0
http://dhl-support.cc/account/security/verification/login/confirm,1
https://stackoverflow.com/wiki/Artificial_intelligence,0
https://reddit.com/users/12345?sort=newest&language=en&q=python+tutorial,0
https://cloudflare.com/search,0
https://developer.mozilla.org/community/discussion,0
http://microsoft%2Drestore.ga/auth%2Flogin%3Fid%3D297484,1
http://linkedin-unlock-secure.top/login,1
http://secure-amazon-billing.tk/payment/update?account=511113,1
http://microsoft-billing-secure.tk/login,1
http://verify-icloud-account.live/verify?user=454258,1
http://9v4ob8ov.xyz/redirect?url=http%3A%2F%2Fwellsfargo%2Ecom%2Flogin,1
http://virzbg.instagram-authenticate.info/account/login,1
https://support.nytimes.com/blog/article,0
https://docs.python.org/user/profile,0
http://mxjtmjkx.top/redirect?url=http%3A%2F%2Fbankofamerica%2Ecom%2Flogin,1
http://apple%2Dbilling.xyz/auth%2Flogin%3Fid%3D838223,1
https://accounts.linkedin.com/users/12345,0
https://docs.youtube.com/search/results,0
https://developer.amazon.com/users/12345,0
https://microsoft.com/download?topic=security,0
http://google-account-secure.tk/login,1
https://medium.com/projects/example/issues/123,0
http://puf4tvq.support/verification?account=396713&verify=true&session=nwhbkftdfj8pmfvx,1
http://secure-paypal-billing.ml/payment/update?account=105280,1
http://1rapjoe.top/signin?account=748652&verify=true&session=olvi8jz3glyp3quk,1
http://secure-fedex-billing.biz/payment/update?account=972858,1
http://instagram-update-secure.ml/login,1
https://news.youtube.com/repositories/example,0
https://amazon.com/wiki/Artificial_intelligence?utm_source=google&q=cybersecurity,0
https://blog.linkedin.com/repositories/example?q=artificial+intelligence&user=729694&q=computer+science,0
https://ubuntu.com/blog/technology,0
https://amazon.com/account/settings?language=en&sort=newest&q=artificial+intelligence,0
http://amazon-invoice-secure.site/login,1
https://nytimes.com/user/profile?id=911543&q=artificial+intelligence,0
https://developer.microsoft.com/wiki/Computer_security,0
https://linkedin.com/blog/article,0
https://support.github.com/projects/example/issues/123?ref=homepage&id=922148,0
https://arxiv.org/topics/python?sort=newest&language=en&ref=homepage,0
http://66.88.25.134/login/wallet?session=qpgum7mfjiza,1
https://developer.cloudflare.com/documentation/getting-started?q=machine+learning&language=en&ref=homepage,0
https://apple.com/wiki/Artificial_intelligence?user=363018&page=2&page=3,0
https://help.github.com/watch?q=cybersecurity,0
http://google%2Dsecure.top/auth%2Flogin%3Fid%3D824841,1
http://verify-fedex-account.xyz/verify?user=529240,1
https://help.reddit.com/blog/article,0
https://developer.mozilla.org/docs/python/tutorial?ref=homepage&utm_source=google,0
https://apple.com/blog/article?page=2&q=artificial+intelligence,0
http://verify-paypal-account.tk/verify?user=99154,1
https://google.com/news/technology,0
https://mozilla.org/search,0
https://apple.com/repositories/example?user=721604&utm_medium=search,0
http://verify-bankofamerica-account.site/verify?user=520855,1
https://microsoft.com/users/12345?q=python+tutorial&ref=homepage,0
http://n216tg.google-verify.biz/account/login,1
https://www.wikipedia.org/video/technology?category=technology,0
http://verify-paypal-account.cc/verify?user=585048,1
http://pvxv3t.amazon-login.top/account/login,1
http://secure-chase-billing.top/payment/update?account=605946,1
http://secure-apple-billing.biz/payment/update?account=266359,1
https://npmjs.com/docs/python/tutorial,0
http://a2idlh.dhl-payment.online/account/login,1
https://linkedin.com/search/results?sort=popular&sort=newest&utm_medium=search,0
http://hz492b.icloud-verify.click/account/login,1
https://ubuntu.com/community/discussion?page=3&utm_medium=search&q=artificial+intelligence,0
http://t3q3awoe.top/redirect?url=http%3A%2F%2Fchase%2Ecom%2Flogin,1
https://help.microsoft.com/topics/python,0
https://news.npmjs.com/wiki/Artificial_intelligence,0
http://verify-netflix-account.ml/verify?user=485460,1
http://netflix-payment-secure.support/login,1
https://github.com/video/technology?q=cybersecurity&sort=newest,0
https://amazon.com/topics/python?id=825584&topic=security&ref=homepage,0
http://dhl-support.tk/account/security/verification/login/confirm,1
http://netflix%2Daccount.click/auth%2Flogin%3Fid%3D561913,1
http://1inslhj1.ga/redirect?url=http%3A%2F%2Fdhl%2Ecom%2Flogin,1
http://zws01ptv.ga/redirect?url=http%3A%2F%2Fdhl%2Ecom%2Flogin,1
https://amazon.com/wiki/Artificial_intelligence?sort=popular&id=731429,0
https://ubuntu.com/download?utm_medium=search&category=technology,0
https://ubuntu.com/user/profile,0
http://14iu1lll.live/redirect?url=http%3A%2F%2Ficloud%2Ecom%2Flogin,1
https://wikipedia.org/users/12345?sort=newest,0
http://fedex-support.cc/account/security/verification/login/confirm,1
https://microsoft.com/search/results?q=machine+learning&q=artificial+intelligence,0
http://google-support.biz/account/security/verification/login/confirm,1
http://verify-instagram-account.ml/verify?user=863595,1
https://support.developer.mozilla.org/questions?q=machine+learning&sort=popular&q=python+tutorial,0
https://www.reddit.com/help/article,0
https://www.stackoverflow.com/articles/cybersecurity?ref=homepage&category=technology,0
http://28un34de.cc/redirect?url=http%3A%2F%2Famazon%2Ecom%2Flogin,1
https://blog.nytimes.com/user/profile?q=machine+learning&id=142049,0
http://chase-support.top/account/security/verification/login/confirm,1
http://aykdg01mpr.online/downloads/invoice_update.bat,1
http://kaq2z41.click/restore?account=399134&verify=true&session=yc8i885tu62fid4u,1
http://secure-wellsfargo-billing.info/payment/update?account=912981,1
https://google.com/account/settings?utm_source=google&q=machine+learning,0
http://icloud%2Dverify.biz/auth%2Flogin%3Fid%3D582627,1
http://verify-chase-account.ga/verify?user=527537,1
https://developer.mozilla.org/help/article?utm_medium=search&page=3,0
https://help.python.org/community/discussion,0
http://verify-linkedin-account.support/verify?user=550459,1
https://www.nytimes.com/projects/example/issues/123?q=cybersecurity,0
http://zdipiu.microsoft-billing.xyz/account/login,1
http://verify-icloud-account.cc/verify?user=655211,1
http://919728z.live/security?account=29744&verify=true&session=lcoikhpe4cfu9z0n,1
https://cloudflare.com/documentation/getting-started?utm_source=google&q=machine+learning,0
https://ubuntu.com/wiki/Computer_security?year=2026&q=computer+science,0
http://linkedin%2Dsecure.top/auth%2Flogin%3Fid%3D698335,1
http://xkmhgc6jen.tk/downloads/invoice_update.rar,1
https://nytimes.com/topics/python,0
https://developer.apple.com/users/12345,0
https://reddit.com/community/discussion?sort=newest&utm_source=google&utm_medium=search,0
http://verify-instagram-account.cc/verify?user=832669,1
https://ubuntu.com/topics/python?category=technology&year=2026&sort=newest,0
https://learn.stackoverflow.com/wiki/Computer_security?topic=security&sort=newest&q=computer+science,0
https://linkedin.com/blog/article?language=en,0
https://npmjs.com/watch,0
https://blog.wikipedia.org/products/software?id=609982&q=python+tutorial,0
http://11.202.202.62/login/verify?session=1axci7f1ra8h,1
http://168.20.22.70/login/account?session=8okefljglexs,1
http://38.55.116.9/login/verify?session=jrlzq07vvhbj,1
http://secure-instagram-billing.info/payment/update?account=925936,1
https://npmjs.com/questions/12345/example?sort=popular,0
https://apple.com/questions?utm_medium=search&page=2&page=3,0
http://9bctvd.linkedin-verify.info/account/login,1
https://www.python.org/download,0
https://nytimes.com/documentation/getting-started,0
http://ooz9ycpe.tk/redirect?url=http%3A%2F%2Fnetflix%2Ecom%2Flogin,1
http://wellsfargo%2Dwallet.live/auth%2Flogin%3Fid%3D355026,1
http://rftjbsw3.site/redirect?url=http%3A%2F%2Fbankofamerica%2Ecom%2Flogin,1
https://blog.wikipedia.org/topics/python,0
https://npmjs.com/questions/12345/example?q=artificial+intelligence&q=python+tutorial&q=machine+learning,0
https://developer.youtube.com/docs/python/tutorial?utm_source=google,0
https://help.stackoverflow.com/watch,0
http://facebook-invoice-secure.cc/login,1
http://paypal-support.ga/account/security/verification/login/confirm,1
http://wyvwkl.microsoft-unlock.support/account/login,1
http://93.132.150.234/login/unlock?session=iwlr4554qsry,1
https://youtube.com/topics/python,0
http://168.13.186.99/login/security?session=ss09wpaqxxuv,1
http://xg7y1qc.site/billing?account=533393&verify=true&session=1xslsp9lyi9vvb2r,1
https://cloudflare.com/account/settings,0
https://ubuntu.com/questions?id=774874&q=computer+science&sort=newest,0
http://secure-paypal-billing.site/payment/update?account=777154,1
https://blog.docs.python.org/search,0
http://linkedin-secure-secure.live/login,1
https://help.npmjs.com/topics/python,0
https://www.apple.com/community/discussion?utm_medium=search,0
https://stackoverflow.com/watch?q=cybersecurity&sort=popular&q=computer+science,0
https://arxiv.org/docs/python/tutorial,0
http://nua49fd.ml/restore?account=694304&verify=true&session=5l7ot3yr0elyfqnz,1
https://support.docs.python.org/news/technology?sort=newest&topic=security,0
http://linkedin%2Dsuspended.cc/auth%2Flogin%3Fid%3D933795,1
http://secure-bankofamerica-billing.ga/payment/update?account=87924,1
http://microsoft-verification-secure.ga/login,1
https://developer.mozilla.org/questions/12345/example?category=technology&sort=popular,0
http://01oxifv.biz/login?account=160636&verify=true&session=04m2hea2az8071r0,1
https://docs.google.com/questions/12345/example?q=machine+learning&sort=newest,0
https://developer.mozilla.org/help/article,0
http://agz7uys2.online/redirect?url=http%3A%2F%2Fnetflix%2Ecom%2Flogin,1
http://chase%2Dwallet.cc/auth%2Flogin%3Fid%3D32725,1
http://secure-chase-billing.ga/payment/update?account=817982,1
http://40.80.102.231/login/password?session=ojg86owl3e74,1
https://microsoft.com/wiki/Artificial_intelligence?q=cybersecurity&q=python+tutorial&user=294378,0
https://ubuntu.com/documentation/getting-started?id=573892,0
http://microsoft-billing-secure.tk/login,1
https://news.ubuntu.com/account/settings?utm_source=google,0
http://tqk12p.icloud-verify.click/account/login,1
http://secure-bankofamerica-billing.ga/payment/update?account=809822,1
http://facebook%2Dsuspended.ml/auth%2Flogin%3Fid%3D441507,1
http://apple-suspended-secure.ml/login,1
https://arxiv.org/wiki/Artificial_intelligence,0
https://docs.python.org/blog/technology,0
https://support.python.org/documentation/getting-started?sort=newest,0
https://ubuntu.com/help/article?q=cybersecurity&utm_medium=search&q=artificial+intelligence,0
https://developer.mozilla.org/account/settings?page=3&year=2026&sort=newest,0
https://reddit.com/account/settings?q=python+tutorial&id=543491,0
http://85.172.241.247/login/authenticate?session=a91fneqx9tmq,1
https://apple.com/docs/python/tutorial,0
http://i33pdlsd1u.biz/downloads/invoice_update.bat,1
http://instagram-urgent-secure.cc/login,1
http://secure-dhl-billing.site/payment/update?account=149649,1
http://3iq3ixqi.info/redirect?url=http%3A%2F%2Fmicrosoft%2Ecom%2Flogin,1
https://github.com/community/discussion?page=2&q=artificial+intelligence&category=technology,0
https://support.arxiv.org/docs/python/tutorial,0
https://learn.apple.com/questions/12345/example?category=technology&q=python+tutorial,0
http://pqi4xx.paypal-security.click/account/login,1
http://microsoft%2Dsignin.online/auth%2Flogin%3Fid%3D466535,1
http://verify-apple-account.cc/verify?user=884925,1
https://news.python.org/blog/article,0
https://youtube.com/help/article?utm_source=google,0
http://facebook%2Dsignin.live/auth%2Flogin%3Fid%3D674084,1
http://mgn0mzv.top/payment?account=605190&verify=true&session=5l5z317545xnx91e,1
https://ubuntu.com/user/profile?user=503078,0
http://paypal-secure-secure.ga/login,1
https://wikipedia.org/wiki/Artificial_intelligence?page=3&sort=popular,0
https://blog.arxiv.org/account/settings,0
https://docs.ubuntu.com/articles/cybersecurity?page=3&q=computer+science&sort=newest,0
https://stackoverflow.com/blog/technology?utm_source=google&q=python+tutorial&q=machine+learning,0
http://mles4an.info/wallet?account=698030&verify=true&session=ibrmt5qnnttigc0x,1
https://learn.mozilla.org/documentation/getting-started?q=machine+learning&language=en&q=artificial+intelligence,0
https://accounts.cloudflare.com/projects/example/issues/123,0
http://facebook%2Drestore.live/auth%2Flogin%3Fid%3D613011,1
https://youtube.com/projects/example/issues/123?q=cybersecurity&page=2&id=785616,0
https://developer.wikipedia.org/questions,0
http://amazon-support.live/account/security/verification/login/confirm,1
https://learn.apple.com/projects/example/issues/123?year=2026,0
https://nytimes.com/docs/python/tutorial,0
http://linkedin-authenticate-secure.live/login,1
http://secure-netflix-billing.cc/payment/update?account=505126,1
https://www.stackoverflow.com/documentation/getting-started?utm_medium=search&q=python+tutorial,0
https://support.google.com/news/technology?language=en,0
http://amazon-verify-secure.site/login,1
https://accounts.stackoverflow.com/repositories/example,0
https://python.org/documentation/getting-started?language=en,0
http://google%2Dwallet.site/auth%2Flogin%3Fid%3D776795,1
https://docs.arxiv.org/help/article,0
https://learn.npmjs.com/news/technology?q=computer+science&category=technology&language=en,0
https://docs.cloudflare.com/docs/python/tutorial,0
http://wnbwys.chase-confirm.ga/account/login,1
http://elu9eq50lg.top/downloads/invoice_update.js,1
http://chase%2Dunlock.xyz/auth%2Flogin%3Fid%3D116526,1
https://reddit.com/questions,0
https://linkedin.com/download,0
https://docs.python.org/users/12345,0
http://linkedin-wallet-secure.cc/login,1
http://secure-google-billing.cc/payment/update?account=410829,1
http://kbpu4yw.tk/verification?account=880316&verify=true&session=1qabeeusizd29jse,1
http://384owthruw.info/downloads/invoice_update.bat,1
https://youtube.com/account/settings?category=technology&utm_source=google,0
https://help.wikipedia.org/products/software,0
http://apple-support.ml/account/security/verification/login/confirm,1
https://docs.python.org/wiki/Artificial_intelligence,0
https://mozilla.org/blog/article?year=2026&user=750019,0
https://docs.google.com/blog/article?utm_medium=search&q=cybersecurity&category=technology,0
https://news.nytimes.com/repositories/example?q=machine+learning&sort=newest,0
http://verify-wellsfargo-account.ml/verify?user=944954,1
https://medium.com/account/settings?q=artificial+intelligence&sort=newest&q=computer+science,0
https://blog.google.com/questions,0
https://help.npmjs.com/blog/article?q=python+tutorial&q=cybersecurity,0
http://hzcs3k.netflix-update.online/account/login,1
http://qijnnjj.online/authenticate?account=999542&verify=true&session=k6bgsqjw9jllwzdy,1
http://verify-amazon-account.ga/verify?user=469332,1
http://28xy7g.chase-billing.tk/account/login,1
http://bpbqw86a.site/redirect?url=http%3A%2F%2Fmicrosoft%2Ecom%2Flogin,1
https://support.google.com/wiki/Computer_security?q=artificial+intelligence,0
http://amazon-verify-secure.site/login,1
https://linkedin.com/download?topic=security&utm_medium=search,0
https://ubuntu.com/search/results?sort=newest&year=2026&sort=popular,0
https://www.amazon.com/wiki/Computer_security,0
https://ubuntu.com/blog/technology?q=machine+learning,0
http://uxnpd8im.support/redirect?url=http%3A%2F%2Ffedex%2Ecom%2Flogin,1
https://mozilla.org/projects/example/issues/123,0
http://microsoft%2Dsuspended.info/auth%2Flogin%3Fid%3D711700,1
http://g6yocokytv.biz/downloads/invoice_update.exe,1
http://icloud-verification-secure.site/login,1
http://apple-support.cc/account/security/verification/login/confirm,1
https://www.nytimes.com/wiki/Artificial_intelligence?user=642018&id=818012&page=2,0
http://onnxi80z.live/redirect?url=http%3A%2F%2Fpaypal%2Ecom%2Flogin,1
http://secure-amazon-billing.site/payment/update?account=748177,1
https://developer.mozilla.org/blog/technology,0
http://82940o.netflix-secure.support/account/login,1
https://docs.youtube.com/download,0
http://paypal-support.tk/account/security/verification/login/confirm,1
http://jrm3vnh1j9.xyz/downloads/invoice_update.bat,1
https://support.arxiv.org/questions?year=2026&q=computer+science&sort=popular,0
https://developer.mozilla.org/docs/python/tutorial?sort=popular&language=en,0
https://support.npmjs.com/search,0
http://x3xohlz.click/payment?account=44683&verify=true&session=d81ci3w5suqricus,1
https://linkedin.com/wiki/Artificial_intelligence,0
http://q63ygvas69.ml/downloads/invoice_update.zip,1
https://help.linkedin.com/questions?topic=security,0
http://icloud%2Dupdate.ml/auth%2Flogin%3Fid%3D88643,1
https://github.com/blog/article?language=en&q=computer+science&q=machine+learning,0
https://blog.wikipedia.org/watch,0
http://ygbe3wbc.xyz/redirect?url=http%3A%2F%2Fpaypal%2Ecom%2Flogin,1
https://wikipedia.org/download?q=artificial+intelligence,0
http://microsoft-confirm-secure.biz/login,1
https://support.docs.python.org/projects/example/issues/123,0
http://12.63.152.141/login/suspended?session=x46gzx1a77dq,1
https://blog.github.com/news/technology,0
https://support.microsoft.com/blog/article?id=29015,0
http://wellsfargo-support.biz/account/security/verification/login/confirm,1
https://amazon.com/questions/12345/example?category=technology&q=cybersecurity&ref=homepage,0
http://secure-apple-billing.biz/payment/update?account=2429,1
http://secure-fedex-billing.top/payment/update?account=567747,1
https://stackoverflow.com/articles/cybersecurity,0
https://nytimes.com/wiki/Computer_security?q=machine+learning,0
https://arxiv.org/wiki/Computer_security,0
https://wikipedia.org/docs/python/tutorial,0
https://wikipedia.org/news/technology,0
http://ynj4env.click/wallet?account=219361&verify=true&session=9z40iwin7164d0bq,1
http://paypal-signin-secure.ga/login,1
http://fpkaiup.click/payment?account=983823&verify=true&session=qkp812c24ybtim85,1
http://slpuwj.dhl-urgent.biz/account/login,1
https://learn.nytimes.com/account/settings?q=artificial+intelligence,0
https://accounts.nytimes.com/articles/cybersecurity,0
https://nytimes.com/articles/cybersecurity?page=3,0
http://204.196.115.170/login/billing?session=7x4rmogu6bab,1
http://paypal-support.ga/account/security/verification/login/confirm,1
https://youtube.com/blog/technology?q=python+tutorial,0
http://ppnxo5.google-verify.top/account/login,1
http://icloud-security-secure.support/login,1
https://accounts.python.org/search,0
http://secure-apple-billing.xyz/payment/update?account=754429,1
http://r5qa7amb8k.tk/downloads/invoice_update.js,1
http://instagram-wallet-secure.info/login,1
http://secure-linkedin-billing.top/payment/update?account=829281,1
http://nh0bnt.linkedin-signin.live/account/login,1
https://ubuntu.com/users/12345,0
http://xrbpzr6.ml/suspended?account=574344&verify=true&session=jhw25p7xrz0jmio1,1
https://docs.python.org/blog/article?q=machine+learning,0
http://j4zxmes.ga/secure?account=857724&verify=true&session=xhmrg5ddvsxv9psw,1
http://chase-update-secure.info/login,1
http://8tbix5.microsoft-login.ml/account/login,1
http://amazon%2Drestore.info/auth%2Flogin%3Fid%3D474955,1
http://apple-security-secure.ml/login,1
https://python.org/blog/technology,0
http://amazon-support.support/account/security/verification/login/confirm,1
http://instagram-update-secure.info/login,1
http://d7pe927h.ml/redirect?url=http%3A%2F%2Famazon%2Ecom%2Flogin,1
http://verify-wellsfargo-account.biz/verify?user=332311,1
http://netflix-billing-secure.site/login,1
http://fedex%2Durgent.top/auth%2Flogin%3Fid%3D294049,1
https://blog.python.org/video/technology,0
http://secure-netflix-billing.biz/payment/update?account=796894,1
http://verify-wellsfargo-account.ml/verify?user=38870,1
http://amazon-unlock-secure.ml/login,1
http://microsoft-support.biz/account/security/verification/login/confirm,1
http://dhl-support.xyz/account/security/verification/login/confirm,1
http://secure-bankofamerica-billing.live/payment/update?account=975538,1
https://mozilla.org/user/profile?topic=security&id=984658,0
http://bankofamerica%2Dunlock.site/auth%2Flogin%3Fid%3D880340,1
http://e5p5jjpqi0.live/downloads/invoice_update.exe,1
https://python.org/articles/cybersecurity?year=2026&q=python+tutorial,0
https://docs.mozilla.org/watch?sort=newest,0
http://verify-fedex-account.site/verify?user=930411,1
http://cw2qqvb91n.support/downloads/invoice_update.vbs,1
https://python.org/repositories/example?utm_source=google,0
https://microsoft.com/repositories/example,0
http://zdnixd.chase-secure.site/account/login,1
http://en146x5.live/invoice?account=400050&verify=true&session=s1mep9fc5thyhskp,1
https://developer.google.com/projects/example/issues/123,0
https://news.npmjs.com/community/discussion,0
https://docs.python.org/questions,0
https://cloudflare.com/users/12345,0
http://l7ylk0iay0.ml/downloads/invoice_update.exe,1
http://verify-amazon-account.info/verify?user=621887,1
https://help.reddit.com/news/technology,0
https://news.medium.com/wiki/Computer_security?sort=popular&utm_medium=search,0
http://111.2.158.54/login/authenticate?session=706kwb7uvlv1,1
http://wellsfargo-support.ga/account/security/verification/login/confirm,1
https://developer.mozilla.org/watch?sort=popular&category=technology,0
http://44tfdva1.ml/redirect?url=http%3A%2F%2Fwellsfargo%2Ecom%2Flogin,1
https://docs.linkedin.com/download?page=3&q=computer+science,0
https://support.google.com/account/settings?id=686577&q=cybersecurity&user=809829,0
https://apple.com/questions/12345/example?q=machine+learning,0
https://support.stackoverflow.com/watch?year=2026,0
http://xekhh0.chase-password.online/account/login,1
http://fedex-security-secure.site/login,1
https://support.mozilla.org/articles/cybersecurity,0
https://accounts.google.com/articles/cybersecurity?q=python+tutorial,0
https://reddit.com/video/technology?q=computer+science&page=2&ref=homepage,0
https://news.youtube.com/products/software,0
https://medium.com/search?q=machine+learning&q=artificial+intelligence&topic=security,0
https://youtube.com/products/software,0
https://wikipedia.org/video/technology,0
https://mozilla.org/questions/12345/example,0
https://blog.microsoft.com/questions/12345/example?page=3,0
https://cloudflare.com/docs/python/tutorial?topic=security&category=technology&id=832621,0
http://55q5xrsp.cc/redirect?url=http%3A%2F%2Fwellsfargo%2Ecom%2Flogin,1
http://vvcpd6.chase-wallet.ga/account/login,1
https://docs.arxiv.org/users/12345?q=computer+science&sort=newest&category=technology,0
https://google.com/docs/python/tutorial?q=artificial+intelligence,0
https://learn.stackoverflow.com/download?language=en,0
http://nnmatx1kcz.click/downloads/invoice_update.rar,1
https://linkedin.com/search/results,0
https://www.amazon.com/documentation/getting-started,0
http://secure-chase-billing.support/payment/update?account=820389,1
http://opd0vpmx.click/redirect?url=http%3A%2F%2Fchase%2Ecom%2Flogin,1
http://tpwrdt5.online/suspended?account=425245&verify=true&session=lvmxcgfhvkuu61l3,1
http://130.185.231.250/login/payment?session=j7kzjbg0wguu,1
https://help.microsoft.com/search,0
https://support.stackoverflow.com/wiki/Computer_security,0
http://jsatpt5.cc/suspended?account=271142&verify=true&session=hkuoem4uzgad555m,1
https://linkedin.com/user/profile?page=3&page=2&q=cybersecurity,0
http://wellsfargo%2Dlogin.online/auth%2Flogin%3Fid%3D660632,1
https://help.npmjs.com/projects/example/issues/123,0
https://apple.com/wiki/Computer_security,0
http://31.236.163.230/login/suspended?session=kujojrpqjgnw,1
http://secure-facebook-billing.support/payment/update?account=110128,1
http://9bery5c.xyz/update?account=89764&verify=true&session=rej9aqs2gkc9m0is,1
http://fqa44el6.site/redirect?url=http%3A%2F%2Fmicrosoft%2Ecom%2Flogin,1
http://hbmf81.netflix-secure.click/account/login,1
https://apple.com/products/software?user=745305,0
http://vj9rhnxyr7.info/downloads/invoice_update.vbs,1
http://h89b5ztcpg.ml/downloads/invoice_update.bat,1
http://microsoft%2Dinvoice.site/auth%2Flogin%3Fid%3D235659,1
http://209.17.123.20/login/billing?session=fx75zbxrx3yr,1
https://accounts.github.com/docs/python/tutorial?q=machine+learning&q=cybersecurity&sort=newest,0
http://verify-amazon-account.biz/verify?user=250849,1
http://50.227.79.178/login/invoice?session=druez5z2azm0,1
https://developer.mozilla.org/topics/python,0
https://docs.google.com/community/discussion,0
https://cloudflare.com/topics/python?user=248721&utm_medium=search&page=2,0
https://mozilla.org/users/12345,0
https://python.org/repositories/example?ref=homepage&utm_source=google,0
https://blog.developer.mozilla.org/topics/python,0
https://accounts.stackoverflow.com/questions/12345/example,0
http://verify-google-account.click/verify?user=80719,1
http://03df5ukk4l.live/downloads/invoice_update.php,1
https://youtube.com/search?utm_source=google,0
http://icloud-password-secure.site/login,1
http://29.129.134.68/login/confirm?session=ye1pulv4q444,1
http://24.167.169.207/login/account?session=1ztjmrajya9y,1
http://verify-google-account.live/verify?user=152353,1
https://ubuntu.com/news/technology?q=artificial+intelligence&user=253603,0
http://6e34xxej.tk/redirect?url=http%3A%2F%2Fdhl%2Ecom%2Flogin,1
http://utrj0f.icloud-wallet.top/account/login,1
http://bankofamerica-confirm-secure.xyz/login,1
http://google-support.site/account/security/verification/login/confirm,1
https://cloudflare.com/projects/example/issues/123?q=computer+science&user=514462&language=en,0
http://secure-chase-billing.site/payment/update?account=669700,1
https://medium.com/wiki/Computer_security,0
https://news.amazon.com/wiki/Computer_security?sort=newest&utm_medium=search&id=755304,0
http://google-support.cc/account/security/verification/login/confirm,1
https://developer.mozilla.org/download?topic=security,0
http://4rig2ny7.biz/redirect?url=http%3A%2F%2Finstagram%2Ecom%2Flogin,1
https://microsoft.com/repositories/example?category=technology&q=artificial+intelligence&utm_medium=search,0
http://9mcv4t89.biz/redirect?url=http%3A%2F%2Famazon%2Ecom%2Flogin,1
https://microsoft.com/repositories/example?language=en&sort=newest,0
http://apple-support.live/account/security/verification/login/confirm,1
http://verify-google-account.biz/verify?user=717430,1
https://news.cloudflare.com/articles/cybersecurity?q=python+tutorial&sort=newest&q=cybersecurity,0
https://github.com/video/technology,0
http://paypal-support.biz/account/security/verification/login/confirm,1
https://amazon.com/wiki/Artificial_intelligence,0
http://jnk9xb5g1f.biz/downloads/invoice_update.exe,1
https://medium.com/news/technology?q=cybersecurity&id=504534,0
http://70.0.41.1/login/signin?session=lzxv3yt3x0zx,1
http://verify-netflix-account.cc/verify?user=519535,1
https://help.apple.com/community/discussion?q=cybersecurity&page=2,0
https://developer.mozilla.org/blog/article?ref=homepage&q=machine+learning&topic=security,0
https://accounts.reddit.com/blog/article,0
https://learn.github.com/questions?sort=newest,0
https://stackoverflow.com/watch,0
https://medium.com/questions/12345/example,0
https://www.stackoverflow.com/download?q=computer+science,0
https://docs.stackoverflow.com/search/results,0
http://icloud-urgent-secure.support/login,1
https://reddit.com/help/article?sort=newest&id=935819,0
https://developer.mozilla.org/watch,0
https://wikipedia.org/video/technology?category=technology&utm_medium=search&page=2,0
https://nytimes.com/docs/python/tutorial?q=computer+science&language=en&page=2,0
https://wikipedia.org/search?utm_medium=search,0
http://7oa5rygh.tk/redirect?url=http%3A%2F%2Fchase%2Ecom%2Flogin,1
https://news.reddit.com/watch?page=3&ref=homepage&q=cybersecurity,0
http://verify-chase-account.xyz/verify?user=985435,1
https://news.nytimes.com/blog/technology,0
http://5dq904fhbh.ga/downloads/invoice_update.cmd,1
http://verify-google-account.live/verify?user=811895,1
http://uy6vma.instagram-verification.info/account/login,1
http://secure-facebook-billing.ml/payment/update?account=410723,1
http://nl51o9ul.support/redirect?url=http%3A%2F%2Fnetflix%2Ecom%2Flogin,1
https://reddit.com/projects/example/issues/123,0
https://docs.python.org/users/12345?topic=security&utm_medium=search,0
https://medium.com/blog/article,0
http://instagram-account-secure.ga/login,1
http://dhl-support.top/account/security/verification/login/confirm,1
https://accounts.cloudflare.com/video/technology,0
https://stackoverflow.com/user/profile?q=cybersecurity,0
https://support.npmjs.com/news/technology?topic=security,0
http://tcw8dy.fedex-login.online/account/login,1
http://puvhs2j.online/authenticate?account=276232&verify=true&session=dmiipr45es1vcpwu,1
https://medium.com/wiki/Artificial_intelligence,0
http://google%2Dsecurity.live/auth%2Flogin%3Fid%3D156808,1
http://secure-dhl-billing.live/payment/update?account=883970,1
https://learn.medium.com/questions,0
http://verify-bankofamerica-account.support/verify?user=505114,1
https://developer.mozilla.org/user/profile,0
https://medium.com/wiki/Artificial_intelligence?topic=security&year=2026&page=3,0
https://learn.npmjs.com/search?user=374095&sort=newest,0
https://github.com/wiki/Artificial_intelligence?q=computer+science&q=cybersecurity&utm_source=google,0
https://reddit.com/community/discussion,0
http://secure-instagram-billing.biz/payment/update?account=427021,1
http://a1e5nu.netflix-suspended.biz/account/login,1
https://linkedin.com/account/settings,0
https://cloudflare.com/account/settings,0
https://accounts.nytimes.com/search/results,0
https://stackoverflow.com/articles/cybersecurity?language=en&sort=newest&q=python+tutorial,0
https://npmjs.com/products/software?page=2,0
http://fedex-confirm-secure.info/login,1
http://verify-netflix-account.click/verify?user=835042,1
https://learn.medium.com/blog/article?page=2&q=machine+learning&utm_source=google,0
https://ubuntu.com/video/technology,0
https://accounts.npmjs.com/wiki/Computer_security?q=artificial+intelligence&q=python+tutorial&utm_medium=search,0
http://9z4jl88oat.ga/downloads/invoice_update.cmd,1
http://instagram-security-secure.online/login,1
http://facebook-update-secure.tk/login,1
https://developer.mozilla.org/account/settings?language=en&utm_source=google&q=machine+learning,0
https://accounts.apple.com/articles/cybersecurity?q=machine+learning&topic=security&year=2026,0
https://accounts.npmjs.com/search/results,0
http://secure-wellsfargo-billing.online/payment/update?account=793621,1
http://verify-amazon-account.info/verify?user=979240,1
https://learn.wikipedia.org/user/profile?topic=security&q=computer+science&page=2,0
http://84a7bvp6.online/redirect?url=http%3A%2F%2Fmicrosoft%2Ecom%2Flogin,1
http://lyopb8d.click/confirm?account=821793&verify=true&session=q9a861fgkx6bttod,1
http://27.201.106.182/login/update?session=cifv9xtkoolt,1
https://help.mozilla.org/blog/technology?year=2026,0
https://nytimes.com/download,0
http://oe6djbs.ml/password?account=22168&verify=true&session=qea3geirpp3dl1x2,1
https://blog.youtube.com/articles/cybersecurity,0
https://developer.mozilla.org/user/profile?sort=newest&page=2&utm_medium=search,0
http://bankofamerica-signin-secure.support/login,1
https://arxiv.org/docs/python/tutorial,0
http://3slq0ngbto.online/downloads/invoice_update.bat,1
http://amazon-wallet-secure.tk/login,1
https://support.python.org/wiki/Computer_security,0
https://developer.python.org/documentation/getting-started,0
http://mkompdjnoq.biz/downloads/invoice_update.vbs,1
http://75iedrz0i3.top/downloads/invoice_update.rar,1
https://blog.microsoft.com/wiki/Artificial_intelligence?topic=security,0
https://support.amazon.com/user/profile?sort=popular&language=en&q=cybersecurity,0
http://booz3ur.info/restore?account=806528&verify=true&session=5fbn47s8zuknc8as,1
https://help.reddit.com/questions,0
https://news.apple.com/questions?page=2&year=2026,0
https://support.python.org/search?user=305212&q=machine+learning,0
https://support.wikipedia.org/video/technology?utm_source=google&user=443223,0
http://m177xnq.online/login?account=762085&verify=true&session=i79nco337nnfxbpk,1
https://medium.com/watch?language=en&year=2026&id=119370,0
https://docs.stackoverflow.com/blog/technology?utm_medium=search&sort=newest,0
http://9pnu94z9.cc/redirect?url=http%3A%2F%2Ffedex%2Ecom%2Flogin,1
https://python.org/account/settings?page=3&ref=homepage&topic=security,0
http://rdcwj2.facebook-account.info/account/login,1
http://secure-google-billing.biz/payment/update?account=828538,1
http://chase-secure-secure.biz/login,1
http://verify-netflix-account.info/verify?user=376501,1
https://cloudflare.com/docs/python/tutorial?q=python+tutorial&sort=popular&q=artificial+intelligence,0
http://fedex-support.ga/account/security/verification/login/confirm,1
https://blog.amazon.com/topics/python,0
https://docs.arxiv.org/blog/article?sort=newest,0
https://apple.com/download?page=3&user=869581,0
https://stackoverflow.com/repositories/example?q=cybersecurity&utm_medium=search&ref=homepage,0
https://github.com/docs/python/tutorial?utm_medium=search&utm_source=google,0
https://nytimes.com/articles/cybersecurity?language=en,0
http://secure-chase-billing.ml/payment/update?account=819996,1
https://www.cloudflare.com/questions,0
http://108.249.183.159/login/account?session=bg42eujtrzhr,1
http://fx2l8htnye.top/downloads/invoice_update.cmd,1
http://kmx222sf.click/redirect?url=http%3A%2F%2Fwellsfargo%2Ecom%2Flogin,1
https://npmjs.com/questions/12345/example,0
https://learn.github.com/help/article?category=technology&user=743057&ref=homepage,0
https://ubuntu.com/docs/python/tutorial,0
https://www.mozilla.org/questions?q=computer+science,0
https://mozilla.org/wiki/Artificial_intelligence?q=artificial+intelligence&year=2026,0
https://reddit.com/projects/example/issues/123,0
https://linkedin.com/wiki/Computer_security,0
https://ubuntu.com/help/article,0
https://stackoverflow.com/blog/article?q=machine+learning&q=artificial+intelligence,0
https://accounts.npmjs.com/articles/cybersecurity?page=3&q=computer+science&language=en,0
https://python.org/video/technology,0
http://paypal-wallet-secure.ga/login,1
http://secure-linkedin-billing.online/payment/update?account=135455,1
http://ui3owm0tko.top/downloads/invoice_update.js,1
https://help.developer.mozilla.org/community/discussion?sort=popular&category=technology&year=2026,0
http://174.226.151.53/login/secure?session=0oqvsam9wus0,1
http://dhl-support.top/account/security/verification/login/confirm,1
http://facebook-billing-secure.info/login,1
http://j52ew2o0.site/redirect?url=http%3A%2F%2Fchase%2Ecom%2Flogin,1
http://jnpo77pgya.online/downloads/invoice_update.exe,1
https://developer.mozilla.org/blog/technology?q=python+tutorial&q=machine+learning&q=artificial+intelligence,0
http://4ukkwjb.click/billing?account=439683&verify=true&session=fzw8fjibxkjsheu0,1
https://help.youtube.com/download?q=artificial+intelligence&ref=homepage,0
http://u09ofgztx2.support/downloads/invoice_update.exe,1
http://linkedin-support.biz/account/security/verification/login/confirm,1
https://npmjs.com/questions,0
http://secure-apple-billing.top/payment/update?account=894573,1
http://secure-fedex-billing.info/payment/update?account=280422,1
http://123.150.142.154/login/suspended?session=yzya2iozyds4,1
https://github.com/documentation/getting-started,0
https://stackoverflow.com/repositories/example?ref=homepage,0
http://d98opg8p8b.tk/downloads/invoice_update.cmd,1
https://google.com/blog/technology?utm_medium=search&q=python+tutorial&q=machine+learning,0
https://python.org/help/article?utm_medium=search,0
https://news.github.com/watch,0
https://help.microsoft.com/questions,0
http://uihek2u.live/urgent?account=995040&verify=true&session=1p5neftnpgb86zkp,1
https://ubuntu.com/news/technology,0
http://qt7rp1816h.click/downloads/invoice_update.rar,1
https://stackoverflow.com/watch?q=python+tutorial&topic=security&page=2,0
http://144.86.148.79/login/payment?session=ehq3dxot2i9p,1
https://python.org/help/article,0
http://unlwl649ov.cc/downloads/invoice_update.exe,1
https://arxiv.org/products/software?sort=newest,0
https://developer.ubuntu.com/projects/example/issues/123?id=794365&q=artificial+intelligence,0
https://python.org/blog/article?page=2&user=977119,0
http://wellsfargo-support.biz/account/security/verification/login/confirm,1
https://medium.com/download,0
http://ugjlqtqe64.support/downloads/invoice_update.zip,1
http://apple%2Dauthenticate.support/auth%2Flogin%3Fid%3D549408,1
http://linkedin%2Dlogin.live/auth%2Flogin%3Fid%3D996770,1
https://news.amazon.com/download?language=en&utm_medium=search,0
http://secure-chase-billing.support/payment/update?account=796602,1
http://secure-dhl-billing.xyz/payment/update?account=543047,1
http://ec2228dj.ga/redirect?url=http%3A%2F%2Famazon%2Ecom%2Flogin,1
https://learn.medium.com/community/discussion?language=en&topic=security&utm_source=google,0
https://accounts.python.org/documentation/getting-started?q=machine+learning&topic=security,0
http://6b9lo7.google-account.biz/account/login,1
https://github.com/wiki/Artificial_intelligence?utm_source=google,0
https://apple.com/video/technology?ref=homepage&sort=newest&utm_source=google,0
http://fedex-support.site/account/security/verification/login/confirm,1
https://learn.cloudflare.com/search/results?user=105745,0
http://7izm88a.live/signin?account=864908&verify=true&session=mkrj3fyh7yk6y3q4,1
http://amazon-restore-secure.info/login,1
http://ui0u92i7ak.info/downloads/invoice_update.rar,1
https://docs.npmjs.com/help/article?q=python+tutorial,0
https://reddit.com/articles/cybersecurity,0
https://linkedin.com/articles/cybersecurity,0
http://v3v982ulfk.cc/downloads/invoice_update.exe,1
https://cloudflare.com/docs/python/tutorial,0
https://mozilla.org/questions?topic=security&sort=popular&id=640705,0
https://support.cloudflare.com/video/technology?q=python+tutorial&topic=security&category=technology,0
https://developer.medium.com/documentation/getting-started,0
http://zryeuj.google-secure.site/account/login,1
https://news.medium.com/questions/12345/example?user=659894&sort=newest,0
http://verify-fedex-account.tk/verify?user=295966,1
http://paypal-login-secure.site/login,1
https://www.nytimes.com/questions,0
http://hl2k8n.microsoft-billing.site/account/login,1
http://haa77fhq.info/redirect?url=http%3A%2F%2Ficloud%2Ecom%2Flogin,1
https://accounts.google.com/watch?q=artificial+intelligence&q=machine+learning,0
https://mozilla.org/download,0
https://wikipedia.org/download?sort=newest&q=machine+learning&utm_source=google,0
http://amazon-support.ml/account/security/verification/login/confirm,1
http://secure-icloud-billing.cc/payment/update?account=53098,1
http://dhl-support.ml/account/security/verification/login/confirm,1
https://nytimes.com/repositories/example?user=679526&q=artificial+intelligence&q=computer+science,0
https://news.reddit.com/repositories/example?topic=security,0
http://microsoft-support.cc/account/security/verification/login/confirm,1
http://linkedin-suspended-secure.tk/login,1
http://o082f615.top/redirect?url=http%3A%2F%2Fpaypal%2Ecom%2Flogin,1
http://google-support.tk/account/security/verification/login/confirm,1
https://developer.apple.com/user/profile,0
http://secure-amazon-billing.tk/payment/update?account=716053,1
http://secure-amazon-billing.top/payment/update?account=277722,1
https://learn.arxiv.org/articles/cybersecurity,0
http://secure-apple-billing.top/payment/update?account=888852,1
https://youtube.com/projects/example/issues/123?id=916937&user=140995,0
https://docs.reddit.com/news/technology?utm_source=google,0
http://secure-amazon-billing.online/payment/update?account=813320,1
http://rl7295w3do.xyz/downloads/invoice_update.vbs,1
http://verify-google-account.ga/verify?user=714083,1
http://56.69.248.51/login/authenticate?session=4qhvjdsedfbl,1
https://news.arxiv.org/help/article?user=21337&page=3&language=en,0
http://2232x3cn.info/redirect?url=http%3A%2F%2Fgoogle%2Ecom%2Flogin,1
http://secure-microsoft-billing.tk/payment/update?account=737766,1
https://npmjs.com/download?category=technology&sort=popular,0
http://apple-restore-secure.xyz/login,1
http://secure-netflix-billing.xyz/payment/update?account=636896,1
http://secure-paypal-billing.online/payment/update?account=809927,1
https://accounts.youtube.com/topics/python,0
http://0f4d2oh.online/security?account=929942&verify=true&session=2trw331l0iypz28u,1
https://mozilla.org/account/settings,0
http://65jm9w7yvp.ml/downloads/invoice_update.vbs,1
http://196.82.149.1/login/login?session=o6btn5qfk19a,1
https://apple.com/blog/article?q=machine+learning&language=en,0
http://187.237.22.66/login/verification?session=651ibm9m2pzu,1
http://15.134.240.4/login/verify?session=i57bk31qxhma,1
http://facebook-verify-secure.xyz/login,1
https://learn.linkedin.com/news/technology?utm_medium=search&topic=security,0
https://reddit.com/download?id=870659,0
http://bankofamerica-signin-secure.top/login,1
https://google.com/user/profile?sort=newest&ref=homepage,0
https://help.mozilla.org/search/results?language=en&sort=popular&ref=homepage,0
https://learn.linkedin.com/topics/python,0
https://youtube.com/search?language=en,0
https://accounts.mozilla.org/download?topic=security,0
http://9hiz6h5paa.online/downloads/invoice_update.js,1
http://amazon-account-secure.live/login,1
http://fedex%2Dpayment.support/auth%2Flogin%3Fid%3D239435,1
http://instagram%2Dupdate.biz/auth%2Flogin%3Fid%3D641828,1
http://fedex%2Dupdate.xyz/auth%2Flogin%3Fid%3D229939,1
http://pavmbcp.info/confirm?account=796875&verify=true&session=rnlkyjbvxxwyj6t5,1
https://microsoft.com/watch?q=cybersecurity,0
https://developer.mozilla.org/questions/12345/example?utm_medium=search,0
https://news.nytimes.com/download?language=en,0
http://facebook-support.site/account/security/verification/login/confirm,1
https://www.google.com/watch,0
https://help.arxiv.org/articles/cybersecurity?ref=homepage&category=technology,0
http://ovsvcoz6.xyz/redirect?url=http%3A%2F%2Ffedex%2Ecom%2Flogin,1
http://instagram%2Dsuspended.ga/auth%2Flogin%3Fid%3D298507,1
https://learn.docs.python.org/wiki/Artificial_intelligence?sort=newest&q=cybersecurity,0
https://google.com/projects/example/issues/123?q=computer+science&topic=security&category=technology,0
https://google.com/user/profile,0
https://reddit.com/search/results,0
http://191.242.237.9/login/suspended?session=a0l5vvhtlwqs,1
http://bankofamerica%2Dsuspended.ga/auth%2Flogin%3Fid%3D263564,1
http://iih3dq91.xyz/redirect?url=http%3A%2F%2Fwellsfargo%2Ecom%2Flogin,1
http://bankofamerica-support.cc/account/security/verification/login/confirm,1
http://verify-wellsfargo-account.xyz/verify?user=371757,1
https://python.org/wiki/Artificial_intelligence?q=machine+learning&page=2,0
https://linkedin.com/account/settings?q=computer+science&q=machine+learning&sort=newest,0
https://developer.linkedin.com/wiki/Artificial_intelligence?q=artificial+intelligence,0
http://secure-facebook-billing.ml/payment/update?account=74402,1
https://linkedin.com/articles/cybersecurity?page=3&year=2026&sort=popular,0
https://medium.com/wiki/Artificial_intelligence?utm_medium=search&utm_source=google&category=technology,0
http://q8nhs56h.site/redirect?url=http%3A%2F%2Fapple%2Ecom%2Flogin,1
http://165.83.12.178/login/unlock?session=70vjo232i1zu,1
http://amazon-urgent-secure.ga/login,1
http://bankofamerica-support.site/account/security/verification/login/confirm,1
https://support.developer.mozilla.org/community/discussion?page=3&sort=newest&ref=homepage,0
https://docs.docs.python.org/questions/12345/example?q=cybersecurity&page=2&language=en,0
http://15.135.218.105/login/verify?session=bdfi9p7j3fbf,1
http://google-unlock-secure.ga/login,1
http://netflix%2Dupdate.top/auth%2Flogin%3Fid%3D967391,1
https://stackoverflow.com/watch,0
http://dxuj911.top/urgent?account=614627&verify=true&session=noxfu68b3aumizbh,1
https://npmjs.com/user/profile?page=3&utm_medium=search&utm_source=google,0
http://205.44.91.106/login/verification?session=10wzclomzf0w,1
http://qpeq84ilwx.info/downloads/invoice_update.bat,1
http://verify-apple-account.tk/verify?user=982686,1
http://verify-bankofamerica-account.click/verify?user=36316,1
https://docs.developer.mozilla.org/questions/12345/example,0
http://verify-netflix-account.xyz/verify?user=470247,1
http://no829du.site/wallet?account=138120&verify=true&session=6bvy1wf9m28t22f7,1
http://y1cyk7u.tk/restore?account=940810&verify=true&session=emtbn49n83ssmb7g,1
https://apple.com/community/discussion?page=2&utm_source=google&q=cybersecurity,0
http://google-confirm-secure.live/login,1
http://185.205.65.242/login/billing?session=1r4uj6zqygjb,1
https://cloudflare.com/community/discussion?ref=homepage&language=en,0
https://learn.linkedin.com/wiki/Computer_security?ref=homepage,0
http://8bh796aa.xyz/redirect?url=http%3A%2F%2Fpaypal%2Ecom%2Flogin,1
https://ubuntu.com/wiki/Computer_security,0
https://www.ubuntu.com/articles/cybersecurity?sort=newest,0
https://www.medium.com/repositories/example,0
https://news.ubuntu.com/docs/python/tutorial?id=208388&sort=popular,0
http://itufd6lyee.xyz/downloads/invoice_update.zip,1
https://wikipedia.org/repositories/example?q=artificial+intelligence&id=103397,0
http://1qrak1hmwm.tk/downloads/invoice_update.scr,1
http://amazon-account-secure.xyz/login,1
https://google.com/search/results?sort=newest&language=en,0
https://accounts.arxiv.org/download?page=2&q=cybersecurity,0
https://github.com/repositories/example,0
https://amazon.com/community/discussion?q=cybersecurity&utm_medium=search,0
http://netflix-billing-secure.top/login,1
http://apple-support.online/account/security/verification/login/confirm,1
https://www.arxiv.org/blog/technology,0
https://npmjs.com/topics/python,0
https://microsoft.com/articles/cybersecurity,0
http://verify-apple-account.info/verify?user=900038,1
http://secure-microsoft-billing.cc/payment/update?account=106386,1
https://linkedin.com/download?id=814066&ref=homepage&utm_source=google,0
https://amazon.com/download?utm_medium=search&id=230668&page=3,0
http://verify-instagram-account.support/verify?user=540944,1
http://secure-microsoft-billing.site/payment/update?account=32427,1
http://instagram-confirm-secure.tk/login,1
http://verify-chase-account.site/verify?user=731987,1
http://ae1mol7rsi.xyz/downloads/invoice_update.scr,1
https://www.wikipedia.org/users/12345,0
http://q9zi8cxz.support/redirect?url=http%3A%2F%2Fbankofamerica%2Ecom%2Flogin,1
http://bankofamerica-security-secure.top/login,1
http://msry5f4.live/urgent?account=465197&verify=true&session=ykzetonziqy1qvdb,1
http://43pg3n.facebook-confirm.ml/account/login,1
https://ubuntu.com/search,0
https://amazon.com/search/results?id=466504&ref=homepage&topic=security,0
http://paypal-login-secure.ml/login,1
http://linkedin-support.site/account/security/verification/login/confirm,1
http://instagram-verify-secure.tk/login,1
https://blog.mozilla.org/download?ref=homepage,0
http://rdrjjtvz.info/redirect?url=http%3A%2F%2Fnetflix%2Ecom%2Flogin,1
http://verify-wellsfargo-account.live/verify?user=365920,1
http://223.236.120.119/login/restore?session=etxcoeh8cjyy,1
http://v7c500t837.ga/downloads/invoice_update.js,1
https://docs.google.com/articles/cybersecurity,0
http://fedex-authenticate-secure.info/login,1
https://help.developer.mozilla.org/download,0
http://verify-google-account.support/verify?user=121079,1
http://secure-instagram-billing.tk/payment/update?account=404636,1
http://secure-chase-billing.live/payment/update?account=503109,1
https://support.arxiv.org/wiki/Computer_security?sort=popular&sort=newest,0
http://r1wt7qadac.cc/downloads/invoice_update.scr,1
https://arxiv.org/topics/python?q=cybersecurity,0
http://p6314n9tph.support/downloads/invoice_update.scr,1
https://nytimes.com/blog/article?id=147668&page=2,0
http://google-support.support/account/security/verification/login/confirm,1
https://python.org/wiki/Computer_security,0
http://verify-instagram-account.xyz/verify?user=456707,1
https://stackoverflow.com/search?q=artificial+intelligence&utm_source=google&ref=homepage,0
https://news.mozilla.org/blog/article,0
https://youtube.com/video/technology?q=python+tutorial,0
http://101.65.101.202/login/authenticate?session=uor8r61r2c6k,1
http://xwoo6s.google-signin.support/account/login,1
https://learn.mozilla.org/watch?id=530837&utm_medium=search,0
http://87.181.228.4/login/suspended?session=52pgknguvvcu,1
http://fd7xe8.google-invoice.top/account/login,1
https://ubuntu.com/projects/example/issues/123,0
https://blog.python.org/search/results?user=715281&q=artificial+intelligence,0
https://docs.python.org/products/software?category=technology&q=machine+learning,0
https://learn.python.org/documentation/getting-started,0
http://mutat28.click/update?account=998429&verify=true&session=yx2g161ifmjxd70l,1
https://help.cloudflare.com/account/settings,0
http://41raady72v.top/downloads/invoice_update.vbs,1
https://learn.arxiv.org/projects/example/issues/123?language=en&q=python+tutorial&year=2026,0
https://docs.amazon.com/search,0
http://7g021zp.site/account?account=785052&verify=true&session=ria8ot6flslz1s4r,1
https://developer.medium.com/news/technology?user=144294&q=python+tutorial&language=en,0
http://secure-netflix-billing.ga/payment/update?account=147649,1
https://npmjs.com/download?topic=security&q=python+tutorial,0
https://docs.python.org/topics/python?q=cybersecurity&q=computer+science&language=en,0
http://164.29.133.205/login/unlock?session=o6g326jqzks3,1
https://stackoverflow.com/docs/python/tutorial?utm_source=google&sort=popular,0
https://help.medium.com/questions,0
https://amazon.com/wiki/Artificial_intelligence?language=en,0
http://hqyap28k.cc/redirect?url=http%3A%2F%2Finstagram%2Ecom%2Flogin,1
http://amazon-suspended-secure.cc/login,1
https://mozilla.org/search?language=en,0
http://secure-microsoft-billing.ml/payment/update?account=738392,1
https://support.developer.mozilla.org/video/technology,0
http://icloud%2Daccount.ga/auth%2Flogin%3Fid%3D965435,1
http://lmpqq10.xyz/update?account=418079&verify=true&session=gcwgtyf8dy6zk69y,1
http://j3xtrjk.biz/security?account=6187&verify=true&session=1e9xc0k83o71rcdy,1
http://paypal%2Dpassword.xyz/auth%2Flogin%3Fid%3D590112,1
https://docs.github.com/docs/python/tutorial,0
http://secure-instagram-billing.top/payment/update?account=241520,1
http://6y9adwv.tk/invoice?account=71363&verify=true&session=iz41qqqn0ok3cx0g,1
http://7eavx4fx7q.ga/downloads/invoice_update.vbs,1
https://github.com/wiki/Artificial_intelligence?utm_source=google&q=computer+science&sort=newest,0
http://facebook%2Dconfirm.cc/auth%2Flogin%3Fid%3D553760,1
http://dyjgf82ki6.top/downloads/invoice_update.exe,1
https://nytimes.com/news/technology?year=2026,0
https://blog.developer.mozilla.org/docs/python/tutorial?q=cybersecurity,0
http://secure-wellsfargo-billing.top/payment/update?account=71681,1
https://learn.mozilla.org/user/profile,0
http://0scpvb20xw.tk/downloads/invoice_update.cmd,1
https://accounts.cloudflare.com/community/discussion,0
http://linkedin-unlock-secure.support/login,1
https://support.arxiv.org/questions/12345/example?page=3,0
http://google%2Dsuspended.biz/auth%2Flogin%3Fid%3D746961,1
https://www.apple.com/documentation/getting-started,0
http://chase-confirm-secure.online/login,1
http://1nzueku.support/payment?account=371653&verify=true&session=vfbbxfc6ht8qii1l,1
http://verify-paypal-account.ml/verify?user=779986,1
http://d2wgzm.facebook-verify.cc/account/login,1
http://12.199.143.101/login/update?session=kqotowq7zvlh,1
https://blog.ubuntu.com/blog/article?utm_source=google&utm_medium=search,0
https://mozilla.org/search/results?sort=newest&q=python+tutorial,0
https://www.wikipedia.org/products/software?category=technology&topic=security,0
https://developer.microsoft.com/wiki/Artificial_intelligence?user=235496&id=178545,0
https://amazon.com/download?language=en,0
http://p1xofck44h.ml/downloads/invoice_update.bat,1
https://help.developer.mozilla.org/search?q=machine+learning,0
https://cloudflare.com/blog/technology,0
http://wellsfargo-support.biz/account/security/verification/login/confirm,1
https://youtube.com/articles/cybersecurity?utm_medium=search&q=python+tutorial,0
https://nytimes.com/docs/python/tutorial?user=395322&sort=newest&language=en,0
http://aqsf1t.microsoft-secure.online/account/login,1
https://support.cloudflare.com/documentation/getting-started,0
http://gm9yar.facebook-security.cc/account/login,1
https://accounts.reddit.com/search/results?q=cybersecurity&user=124434&q=computer+science,0
https://linkedin.com/download?q=computer+science&utm_medium=search&user=875604,0
http://79.65.138.207/login/restore?session=z904chzxyk55,1
https://news.ubuntu.com/topics/python,0
http://p0djotsilx.info/downloads/invoice_update.cmd,1
http://dhl-authenticate-secure.site/login,1
https://nytimes.com/blog/technology?language=en&q=python+tutorial&sort=newest,0
https://wikipedia.org/community/discussion?utm_source=google&user=688926&year=2026,0
https://docs.microsoft.com/questions,0
https://help.ubuntu.com/documentation/getting-started,0
http://zjhxp9.wellsfargo-update.live/account/login,1
http://x9yszpo.top/secure?account=701183&verify=true&session=vot9ffaubhr50qj5,1
https://stackoverflow.com/docs/python/tutorial?language=en,0
http://d7x5o7.chase-authenticate.ga/account/login,1
http://qoahayfrsw.site/downloads/invoice_update.scr,1
https://medium.com/wiki/Computer_security?ref=homepage&category=technology&q=cybersecurity,0
https://developer.mozilla.org/docs/python/tutorial?sort=popular&id=538756,0
https://ubuntu.com/wiki/Computer_security?category=technology,0
https://mozilla.org/account/settings,0
http://3.2.38.189/login/login?session=yf7olfvkcd5s,1
https://learn.mozilla.org/users/12345,0
https://developer.mozilla.org/wiki/Artificial_intelligence?category=technology&q=computer+science&page=2,0
https://stackoverflow.com/news/technology,0
https://nytimes.com/user/profile?q=python+tutorial&utm_medium=search,0
https://cloudflare.com/user/profile?q=artificial+intelligence,0
https://google.com/community/discussion?id=424008,0
http://k18db61d.ml/redirect?url=http%3A%2F%2Flinkedin%2Ecom%2Flogin,1
http://ggk6f3.chase-verification.live/account/login,1
https://accounts.reddit.com/video/technology?page=2,0
http://verify-netflix-account.support/verify?user=453022,1
https://accounts.youtube.com/download,0
http://vnel3mrqv7.info/downloads/invoice_update.php,1
https://mozilla.org/wiki/Artificial_intelligence,0
https://docs.github.com/blog/article?q=cybersecurity&year=2026&q=artificial+intelligence,0
https://support.npmjs.com/articles/cybersecurity,0
http://133jcwe2gb.support/downloads/invoice_update.zip,1
http://bankofamerica%2Dsecure.top/auth%2Flogin%3Fid%3D458735,1
http://m0tqxr.paypal-wallet.info/account/login,1
https://support.stackoverflow.com/repositories/example?sort=newest,0
http://112.232.242.161/login/update?session=pr9xl4owzfvl,1
http://apple-unlock-secure.ga/login,1
http://3alxwhk7.ml/redirect?url=http%3A%2F%2Fnetflix%2Ecom%2Flogin,1
https://github.com/products/software,0
http://instagram-support.top/account/security/verification/login/confirm,1
https://support.arxiv.org/search?q=computer+science&ref=homepage,0
http://secure-netflix-billing.tk/payment/update?account=576174,1
https://youtube.com/wiki/Artificial_intelligence?sort=popular&page=2&language=en,0
https://microsoft.com/watch?utm_source=google&q=computer+science&q=artificial+intelligence,0
http://icloud-login-secure.cc/login,1
https://support.wikipedia.org/questions,0
http://dqq7h5.facebook-unlock.online/account/login,1
https://amazon.com/community/discussion,0
http://a3k7xb.apple-payment.info/account/login,1
http://gnnaobom.live/redirect?url=http%3A%2F%2Fgoogle%2Ecom%2Flogin,1
http://gnp5062av6.live/downloads/invoice_update.php,1
http://dhl-payment-secure.click/login,1
http://icloud-support.support/account/security/verification/login/confirm,1
http://secure-instagram-billing.online/payment/update?account=969727,1
https://amazon.com/questions,0
https://ubuntu.com/documentation/getting-started,0
https://nytimes.com/questions?topic=security,0
http://facebook-restore-secure.support/login,1
http://verify-instagram-account.click/verify?user=518923,1
https://nytimes.com/video/technology,0
http://facebook%2Daccount.ga/auth%2Flogin%3Fid%3D565970,1
https://wikipedia.org/docs/python/tutorial,0
https://wikipedia.org/video/technology,0
https://accounts.youtube.com/users/12345,0
http://6kcn1bz.site/wallet?account=728402&verify=true&session=guwclzepqb4ofijd,1
https://developer.mozilla.org/documentation/getting-started?category=technology&q=machine+learning&utm_source=google,0
http://satnpxhz.click/redirect?url=http%3A%2F%2Flinkedin%2Ecom%2Flogin,1
http://microsoft-verify-secure.cc/login,1
https://docs.python.org/wiki/Computer_security,0
http://r2xduu45.ga/redirect?url=http%3A%2F%2Ffacebook%2Ecom%2Flogin,1
https://docs.mozilla.org/news/technology?page=2,0
https://medium.com/user/profile?q=cybersecurity&user=91277&page=2,0
https://youtube.com/community/discussion,0
https://learn.mozilla.org/user/profile?page=2&q=cybersecurity&q=artificial+intelligence,0
https://blog.wikipedia.org/articles/cybersecurity?sort=popular,0
https://developer.linkedin.com/repositories/example?topic=security&user=628086,0
http://bankofamerica-wallet-secure.xyz/login,1
https://cloudflare.com/watch?id=567163&q=cybersecurity&sort=newest,0
http://google-support.top/account/security/verification/login/confirm,1
http://verify-chase-account.xyz/verify?user=717512,1
http://92l07gm.tk/restore?account=963599&verify=true&session=hjlrfloi6azlwpqg,1
https://support.wikipedia.org/questions,0
https://developer.mozilla.org/documentation/getting-started,0
https://help.docs.python.org/wiki/Computer_security?sort=newest&id=388593,0
https://support.npmjs.com/news/technology,0
https://docs.developer.mozilla.org/news/technology?topic=security&category=technology,0
https://developer.reddit.com/blog/article?utm_source=google,0
http://microsoft-payment-secure.click/login,1
http://secure-netflix-billing.online/payment/update?account=823914,1
http://cy4n0ntk.ga/redirect?url=http%3A%2F%2Fnetflix%2Ecom%2Flogin,1
http://fwpbkk1.ml/wallet?account=807510&verify=true&session=kt3pzuacmjbcd1t3,1
http://0skylt.apple-invoice.support/account/login,1
http://an6bnv.instagram-urgent.tk/account/login,1
https://medium.com/watch?sort=newest&id=18978,0
https://mozilla.org/articles/cybersecurity,0
http://5vy6qlh9.xyz/redirect?url=http%3A%2F%2Ffedex%2Ecom%2Flogin,1
http://chase-support.top/account/security/verification/login/confirm,1
https://cloudflare.com/help/article?page=2&q=artificial+intelligence,0
https://nytimes.com/news/technology?page=2&q=computer+science,0
http://gfu5cm.microsoft-suspended.ga/account/login,1
http://fedex%2Dlogin.ml/auth%2Flogin%3Fid%3D922167,1
https://arxiv.org/repositories/example,0
https://news.mozilla.org/repositories/example?utm_source=google,0
http://0498ex.fedex-invoice.site/account/login,1
http://amazon%2Dwallet.biz/auth%2Flogin%3Fid%3D328333,1
http://paypal-support.online/account/security/verification/login/confirm,1
https://reddit.com/articles/cybersecurity,0
http://google-security-secure.ml/login,1
https://learn.npmjs.com/account/settings,0
http://u49d0e.google-login.click/account/login,1
http://9obtv30.tk/verification?account=150732&verify=true&session=2qugfya9w73cgwkl,1
http://fedex-support.xyz/account/security/verification/login/confirm,1
https://docs.developer.mozilla.org/wiki/Computer_security,0
http://verify-netflix-account.online/verify?user=975857,1
https://apple.com/blog/technology?q=machine+learning,0
http://secure-chase-billing.ga/payment/update?account=211198,1
https://reddit.com/products/software,0
http://lse1gfwr.support/redirect?url=http%3A%2F%2Ffacebook%2Ecom%2Flogin,1
https://accounts.arxiv.org/wiki/Artificial_intelligence,0
https://reddit.com/wiki/Computer_security?page=3&page=2&id=277169,0
http://amazon%2Durgent.tk/auth%2Flogin%3Fid%3D345621,1
http://15056bzru9.support/downloads/invoice_update.php,1
https://learn.wikipedia.org/users/12345?category=technology&utm_medium=search&year=2026,0
http://145.18.190.136/login/unlock?session=nc09q6n17h12,1
http://6x5gdp0.site/authenticate?account=683547&verify=true&session=maxyv0lucyteinuk,1
http://t30qgrw6nl.ga/downloads/invoice_update.vbs,1
https://stackoverflow.com/questions?page=2,0
http://secure-instagram-billing.site/payment/update?account=521525,1
http://nv7r9fh7t1.online/downloads/invoice_update.cmd,1
http://55.154.227.1/login/secure?session=tb3gqz2gq55p,1
https://cloudflare.com/articles/cybersecurity?language=en&sort=popular&user=484214,0
http://u4vjfowm.ml/redirect?url=http%3A%2F%2Fmicrosoft%2Ecom%2Flogin,1
http://vmd838ns.ga/redirect?url=http%3A%2F%2Fapple%2Ecom%2Flogin,1
https://learn.npmjs.com/search?utm_source=google,0
http://37.103.161.167/login/payment?session=5o5qlgtjaqlc,1
http://175.2.34.113/login/confirm?session=of15gu1dw72d,1
http://71.102.63.230/login/verification?session=4y2c1axx9g4o,1
https://www.nytimes.com/wiki/Artificial_intelligence,0
http://chase-support.tk/account/security/verification/login/confirm,1
https://www.npmjs.com/projects/example/issues/123,0
http://83g45uq0gl.info/downloads/invoice_update.rar,1
https://apple.com/docs/python/tutorial?utm_source=google&utm_medium=search,0
http://apple-verify-secure.ml/login,1
https://python.org/products/software?q=machine+learning&sort=newest&q=artificial+intelligence,0
https://cloudflare.com/articles/cybersecurity,0
http://verify-chase-account.biz/verify?user=450359,1
http://115.235.129.225/login/suspended?session=bp4y3094sbqj,1
https://linkedin.com/search,0
http://apple%2Dlogin.info/auth%2Flogin%3Fid%3D176116,1
http://a7471oft.cc/redirect?url=http%3A%2F%2Flinkedin%2Ecom%2Flogin,1
http://netflix%2Dupdate.top/auth%2Flogin%3Fid%3D325022,1
http://verify-chase-account.xyz/verify?user=524862,1
http://apple%2Dsuspended.ga/auth%2Flogin%3Fid%3D486830,1
http://paypal-verify-secure.ga/login,1
https://microsoft.com/account/settings,0
http://h64scubh.cc/redirect?url=http%3A%2F%2Fdhl%2Ecom%2Flogin,1
http://secure-bankofamerica-billing.site/payment/update?account=49681,1
https://developer.mozilla.org/docs/python/tutorial?language=en&q=cybersecurity,0
http://chase%2Dwallet.biz/auth%2Flogin%3Fid%3D573859,1
https://amazon.com/community/discussion,0
https://docs.python.org/community/discussion?q=artificial+intelligence&topic=security,0
https://www.youtube.com/user/profile?category=technology,0
https://blog.cloudflare.com/topics/python,0
https://accounts.developer.mozilla.org/blog/technology,0
http://d65ncdj.online/wallet?account=775195&verify=true&session=fbj3nyyokwy3nlkn,1
https://linkedin.com/blog/technology?utm_source=google,0
http://icloud-signin-secure.online/login,1
https://www.nytimes.com/watch,0
https://wikipedia.org/wiki/Computer_security?q=python+tutorial&user=940208,0
http://amazon-support.biz/account/security/verification/login/confirm,1
http://secure-fedex-billing.biz/payment/update?account=477252,1
https://cloudflare.com/watch?q=python+tutorial&utm_source=google,0
https://ubuntu.com/search?utm_medium=search&page=2&q=artificial+intelligence,0
https://google.com/repositories/example,0
http://dhl-support.info/account/security/verification/login/confirm,1
https://docs.linkedin.com/repositories/example?q=computer+science,0
https://ubuntu.com/account/settings?utm_source=google&user=795268,0
http://rlfzrpu.tk/suspended?account=819130&verify=true&session=bco48eq1dt50gso3,1
http://40.166.154.105/login/unlock?session=af9fhntoq6x4,1
http://vt6fvlzj.biz/redirect?url=http%3A%2F%2Fapple%2Ecom%2Flogin,1
https://news.google.com/wiki/Computer_security,0
http://po8weu3.live/secure?account=449606&verify=true&session=s05cxd08a8m6neoq,1
http://15onlleks8.site/downloads/invoice_update.php,1
https://developer.mozilla.org/documentation/getting-started?q=cybersecurity&q=computer+science&sort=popular,0
http://ixj4vaxz86.tk/downloads/invoice_update.zip,1
http://aa0zk2ci.cc/redirect?url=http%3A%2F%2Famazon%2Ecom%2Flogin,1
https://developer.apple.com/topics/python?q=cybersecurity,0
https://mozilla.org/account/settings?utm_source=google&user=875180,0
http://secure-google-billing.biz/payment/update?account=798537,1
http://apple%2Dsuspended.live/auth%2Flogin%3Fid%3D523350,1
http://netflix-support.ml/account/security/verification/login/confirm,1
http://secure-instagram-billing.ga/payment/update?account=360135,1
http://instagram-support.live/account/security/verification/login/confirm,1
http://bankofamerica-signin-secure.xyz/login,1
https://www.nytimes.com/questions/12345/example?page=2,0
https://support.ubuntu.com/video/technology,0
https://developer.mozilla.org/search/results?language=en,0
http://verify-icloud-account.click/verify?user=25437,1
https://mozilla.org/watch?utm_medium=search&sort=newest,0
http://paypal%2Dauthenticate.ga/auth%2Flogin%3Fid%3D67370,1
https://npmjs.com/articles/cybersecurity?year=2026&q=artificial+intelligence&q=machine+learning,0
http://46.131.15.81/login/confirm?session=gcj0x7o821nm,1
https://developer.youtube.com/docs/python/tutorial,0
http://nput2q.netflix-security.site/account/login,1
http://verify-dhl-account.ml/verify?user=598132,1
https://nytimes.com/products/software?q=computer+science,0
https://mozilla.org/wiki/Artificial_intelligence?q=computer+science&q=python+tutorial,0
http://215.85.235.24/login/security?session=knkbn1y71si2,1
https://npmjs.com/news/technology?page=2&q=artificial+intelligence&utm_source=google,0
http://apple%2Dauthenticate.cc/auth%2Flogin%3Fid%3D895118,1
https://news.linkedin.com/video/technology,0
https://www.mozilla.org/questions?sort=newest&category=technology,0
http://6x8u2ref.tk/redirect?url=http%3A%2F%2Finstagram%2Ecom%2Flogin,1
https://arxiv.org/wiki/Computer_security?sort=popular&q=computer+science,0
http://bankofamerica-support.top/account/security/verification/login/confirm,1
https://help.python.org/news/technology,0
http://erw52p0y.support/redirect?url=http%3A%2F%2Fbankofamerica%2Ecom%2Flogin,1
http://facebook-secure-secure.ga/login,1
https://news.python.org/products/software,0
https://support.nytimes.com/user/profile?user=285048&q=computer+science,0
http://microsoft%2Dupdate.xyz/auth%2Flogin%3Fid%3D565583,1
http://57.119.153.210/login/authenticate?session=22r0om4jj1k6,1
https://reddit.com/search/results?q=machine+learning,0
http://ocsenthbn7.click/downloads/invoice_update.scr,1
http://85.101.44.49/login/security?session=h6rx0bvosjpj,1
https://accounts.linkedin.com/help/article,0
https://help.google.com/help/article?page=2&language=en&user=315192,0
https://docs.apple.com/products/software?year=2026,0
http://google%2Dbilling.live/auth%2Flogin%3Fid%3D339861,1
https://help.npmjs.com/users/12345?year=2026,0
http://paypal-signin-secure.info/login,1
https://python.org/download?user=844797&sort=newest,0
http://wellsfargo-suspended-secure.cc/login,1
https://ubuntu.com/news/technology?q=python+tutorial&page=3&id=188497,0
http://uhb2aw.netflix-signin.click/account/login,1
http://jyzixzx.info/security?account=28147&verify=true&session=qya4bcfsrhoay60l,1
https://stackoverflow.com/documentation/getting-started,0
https://youtube.com/articles/cybersecurity?category=technology,0
http://iuyjt5.fedex-verification.cc/account/login,1
http://bankofamerica-signin-secure.site/login,1
http://xxu4t7y.support/verify?account=223495&verify=true&session=j9ea5avzdvu4n7sh,1
https://wikipedia.org/wiki/Artificial_intelligence?ref=homepage&language=en&page=2,0
https://mozilla.org/wiki/Artificial_intelligence,0
https://learn.ubuntu.com/search?q=artificial+intelligence,0
https://help.amazon.com/user/profile?utm_source=google&sort=popular,0
https://medium.com/news/technology,0
http://4c5pr1c.tk/verify?account=706608&verify=true&session=pg0gota5ifyrw4ul,1
http://hj2wpxu3.info/redirect?url=http%3A%2F%2Fbankofamerica%2Ecom%2Flogin,1
https://docs.microsoft.com/wiki/Computer_security?sort=popular&year=2026&utm_medium=search,0
http://wellsfargo-support.xyz/account/security/verification/login/confirm,1
https://accounts.developer.mozilla.org/search,0
https://developer.stackoverflow.com/search?category=technology,0
https://docs.docs.python.org/projects/example/issues/123,0
https://mozilla.org/video/technology?sort=newest&ref=homepage,0
http://chase%2Dverify.site/auth%2Flogin%3Fid%3D781534,1
http://secure-netflix-billing.biz/payment/update?account=486995,1
https://help.npmjs.com/news/technology,0
http://microsoft-verification-secure.support/login,1
http://verify-wellsfargo-account.click/verify?user=650487,1
https://accounts.mozilla.org/products/software?user=763899,0
http://amazon-unlock-secure.biz/login,1
http://secure-fedex-billing.biz/payment/update?account=527702,1
https://ubuntu.com/repositories/example?category=technology&q=artificial+intelligence&utm_source=google,0
https://blog.ubuntu.com/users/12345?sort=popular,0
http://19nnx4.netflix-signin.support/account/login,1
https://developer.mozilla.org/wiki/Computer_security?q=artificial+intelligence&q=python+tutorial,0
http://verify-wellsfargo-account.ml/verify?user=7597,1
https://medium.com/video/technology,0
http://pitck4.dhl-unlock.online/account/login,1
http://pfvyyp5.live/wallet?account=596695&verify=true&session=lwwhgyspzci6p45l,1
http://secure-paypal-billing.live/payment/update?account=249810,1
https://nytimes.com/video/technology?ref=homepage,0
http://secure-netflix-billing.click/payment/update?account=151581,1
http://6bgzzr.microsoft-account.top/account/login,1
http://mpmkspzk.site/redirect?url=http%3A%2F%2Fdhl%2Ecom%2Flogin,1
http://secure-fedex-billing.support/payment/update?account=143714,1
http://x4gxx2mk53.info/downloads/invoice_update.vbs,1
http://k0ujahkbg2.cc/downloads/invoice_update.scr,1
http://146.253.205.162/login/verify?session=3p764itygzna,1
http://8ji02ogl.ml/redirect?url=http%3A%2F%2Fapple%2Ecom%2Flogin,1
https://github.com/projects/example/issues/123?q=artificial+intelligence,0
http://trnne4g.site/urgent?account=851158&verify=true&session=hxoopr2k13bfbcnt,1
https://support.ubuntu.com/repositories/example,0
https://docs.python.org/download,0
http://wellsfargo%2Daccount.tk/auth%2Flogin%3Fid%3D544027,1
https://google.com/wiki/Artificial_intelligence?category=technology,0
http://secure-apple-billing.ml/payment/update?account=633021,1
https://developer.youtube.com/docs/python/tutorial?q=python+tutorial&language=en,0
https://accounts.docs.python.org/topics/python,0
http://8u5vt4.chase-verify.tk/account/login,1
https://github.com/users/12345,0
http://microsoft-authenticate-secure.xyz/login,1
http://v8ldod.chase-billing.ml/account/login,1
http://gtvcs2lp.xyz/redirect?url=http%3A%2F%2Fnetflix%2Ecom%2Flogin,1
http://verify-wellsfargo-account.online/verify?user=128919,1
https://help.python.org/topics/python?q=artificial+intelligence,0
https://developer.mozilla.org/blog/article,0
http://u5nue6x.live/wallet?account=114482&verify=true&session=5zywx0u0acoo2ujl,1
https://www.ubuntu.com/community/discussion,0
https://google.com/user/profile?sort=popular&category=technology&ref=homepage,0
http://n7w252n.biz/confirm?account=616422&verify=true&session=7jrvup7gxf8k5jm6,1
http://wbrzgzk.support/urgent?account=695027&verify=true&session=j6sm1w1895kajaq9,1
http://linkedin-support.xyz/account/security/verification/login/confirm,1
http://amazon-signin-secure.ga/login,1
https://help.docs.python.org/docs/python/tutorial?q=machine+learning&page=3,0
https://mozilla.org/articles/cybersecurity,0
https://cloudflare.com/questions?page=2,0
https://news.amazon.com/user/profile?page=2&q=cybersecurity&id=644851,0
https://mozilla.org/projects/example/issues/123,0
https://developer.mozilla.org/questions/12345/example?year=2026,0
https://learn.linkedin.com/repositories/example?page=2&q=artificial+intelligence&q=python+tutorial,0
https://help.cloudflare.com/topics/python?sort=popular&utm_medium=search,0
https://arxiv.org/repositories/example?q=python+tutorial&page=2,0
https://www.youtube.com/docs/python/tutorial,0
https://learn.stackoverflow.com/watch?q=machine+learning,0
https://docs.github.com/video/technology?q=python+tutorial&user=44768&q=computer+science,0
https://blog.mozilla.org/repositories/example?q=cybersecurity&utm_medium=search&q=python+tutorial,0
http://cz2ga6aaqw.live/downloads/invoice_update.scr,1
http://neitntunwp.top/downloads/invoice_update.js,1
http://paypal%2Dsignin.site/auth%2Flogin%3Fid%3D87200,1
http://fee4nz3an7.site/downloads/invoice_update.js,1
https://www.reddit.com/account/settings,0
https://mozilla.org/wiki/Computer_security?sort=popular&id=943573&year=2026,0
https://microsoft.com/documentation/getting-started,0
https://blog.docs.python.org/video/technology,0
http://pdmf8mppbf.click/downloads/invoice_update.scr,1
https://accounts.medium.com/blog/article?year=2026&q=python+tutorial,0
https://apple.com/blog/technology?q=artificial+intelligence&q=machine+learning,0
https://developer.github.com/news/technology,0
http://secure-instagram-billing.xyz/payment/update?account=432944,1
https://accounts.npmjs.com/watch,0
https://arxiv.org/news/technology,0
http://guhtt641kg.support/downloads/invoice_update.js,1
https://microsoft.com/video/technology?sort=newest&q=python+tutorial&sort=popular,0
https://wikipedia.org/watch?topic=security&q=machine+learning,0
http://secure-chase-billing.site/payment/update?account=958422,1
https://mozilla.org/blog/article,0
https://www.cloudflare.com/documentation/getting-started?utm_medium=search&sort=newest,0
https://linkedin.com/wiki/Computer_security?q=machine+learning&ref=homepage&topic=security,0
https://google.com/repositories/example?page=2&q=cybersecurity,0
https://apple.com/users/12345,0
https://npmjs.com/docs/python/tutorial,0
https://learn.developer.mozilla.org/wiki/Artificial_intelligence?language=en,0
https://accounts.microsoft.com/questions/12345/example?page=3&sort=popular&q=machine+learning,0
https://accounts.wikipedia.org/questions?year=2026&q=computer+science,0
http://paypal-update-secure.support/login,1
https://youtube.com/search/results?year=2026&topic=security,0
http://mltlcks.xyz/restore?account=588582&verify=true&session=o2trre5korw1vm6y,1
http://186.55.252.182/login/suspended?session=sj2g7oijrbkn,1
https://stackoverflow.com/user/profile?q=python+tutorial&page=2,0
http://czuqdkw9.biz/redirect?url=http%3A%2F%2Ffedex%2Ecom%2Flogin,1
https://learn.amazon.com/community/discussion?q=cybersecurity&q=python+tutorial&utm_source=google,0
https://nytimes.com/questions?q=python+tutorial,0
https://linkedin.com/projects/example/issues/123,0
http://sv9bgvg50t.xyz/downloads/invoice_update.php,1
https://reddit.com/projects/example/issues/123?category=technology&language=en,0
https://learn.mozilla.org/projects/example/issues/123,0
http://1lfw45t.online/verification?account=873886&verify=true&session=auqx611h7js85ter,1
https://medium.com/user/profile,0
http://faawoiw.online/login?account=517189&verify=true&session=ii93dmkjbc3r9v5i,1
http://05a6dx.google-urgent.ga/account/login,1
http://secure-wellsfargo-billing.top/payment/update?account=771653,1
http://microsoft-support.biz/account/security/verification/login/confirm,1
https://developer.linkedin.com/users/12345?q=computer+science&category=technology,0
https://news.developer.mozilla.org/account/settings?language=en&q=computer+science,0
https://cloudflare.com/account/settings?topic=security,0
http://if4w1i4vk6.cc/downloads/invoice_update.zip,1
http://3uvvj03idp.support/downloads/invoice_update.vbs,1
https://microsoft.com/questions?q=machine+learning,0
https://apple.com/repositories/example?q=cybersecurity,0
http://dkwgjbry.biz/redirect?url=http%3A%2F%2Fwellsfargo%2Ecom%2Flogin,1
http://dhl-urgent-secure.top/login,1
http://fedex%2Dpayment.biz/auth%2Flogin%3Fid%3D602374,1
http://80kga59.online/verification?account=82386&verify=true&session=93gcz7u1tiv3d09a,1
https://news.wikipedia.org/download?q=artificial+intelligence&q=cybersecurity,0
http://83.167.3.22/login/password?session=5k2k32pi9lbh,1
http://amazon-billing-secure.tk/login,1
http://4pbmgy5.online/signin?account=721909&verify=true&session=94gk0gxs94jagjqd,1
http://ly1iq2xp4s.xyz/downloads/invoice_update.vbs,1
https://github.com/account/settings?category=technology&q=computer+science&language=en,0
https://youtube.com/projects/example/issues/123?q=cybersecurity&page=2,0
http://lkwoo8yf.cc/redirect?url=http%3A%2F%2Fwellsfargo%2Ecom%2Flogin,1
https://linkedin.com/wiki/Artificial_intelligence,0
http://sfhg5m89f7.xyz/downloads/invoice_update.rar,1
http://bankofamerica-restore-secure.top/login,1
http://ouzxpvkr.biz/redirect?url=http%3A%2F%2Fbankofamerica%2Ecom%2Flogin,1
http://v1nnj4.apple-verify.ml/account/login,1
https://help.python.org/video/technology?q=python+tutorial&sort=newest,0
http://172.85.235.141/login/suspended?session=17b4crlow3of,1
https://learn.amazon.com/help/article?id=563275,0
https://cloudflare.com/docs/python/tutorial?page=3&ref=homepage&q=computer+science,0
https://youtube.com/search?id=509608,0
http://okhc477.click/payment?account=213570&verify=true&session=fk2o1ws8wjla4iae,1
https://wikipedia.org/topics/python,0
https://news.docs.python.org/wiki/Computer_security?page=2&q=python+tutorial&user=666320,0
https://cloudflare.com/video/technology?language=en&sort=newest&q=artificial+intelligence,0
http://xopvvl1.click/authenticate?account=724041&verify=true&session=kdir95q46hhl9kzm,1
https://learn.arxiv.org/docs/python/tutorial,0
http://aq45u4lsac.biz/downloads/invoice_update.vbs,1
https://support.mozilla.org/video/technology?topic=security&page=2,0
https://docs.linkedin.com/docs/python/tutorial,0
http://paypal-support.click/account/security/verification/login/confirm,1
https://cloudflare.com/account/settings?q=machine+learning,0
http://67qrj39w.site/redirect?url=http%3A%2F%2Fchase%2Ecom%2Flogin,1
http://dhl-verification-secure.tk/login,1
https://blog.linkedin.com/community/discussion?q=machine+learning,0
https://reddit.com/help/article?utm_medium=search&q=python+tutorial&q=machine+learning,0
http://rieiht1xal.ga/downloads/invoice_update.bat,1
http://223.1.186.92/login/signin?session=955ozsl5n3w3,1
http://106.37.98.113/login/security?session=st8kmycsirru,1
https://support.microsoft.com/articles/cybersecurity,0
http://facebook%2Dsecurity.support/auth%2Flogin%3Fid%3D902410,1
http://verify-bankofamerica-account.top/verify?user=788116,1
https://docs.developer.mozilla.org/community/discussion,0
https://npmjs.com/projects/example/issues/123?year=2026,0
https://python.org/search/results,0
http://5gqc9pr1.biz/redirect?url=http%3A%2F%2Fapple%2Ecom%2Flogin,1
https://support.reddit.com/help/article,0
http://icloud-support.live/account/security/verification/login/confirm,1
http://instagram-invoice-secure.click/login,1
https://learn.wikipedia.org/user/profile,0
https://ubuntu.com/articles/cybersecurity,0
http://b5c1cb5.site/wallet?account=286585&verify=true&session=ygrpp2cdrf5tsmy9,1
https://ubuntu.com/user/profile?utm_medium=search,0
http://3mqsncvo.live/redirect?url=http%3A%2F%2Famazon%2Ecom%2Flogin,1
https://developer.github.com/users/12345,0
http://ln8ngot8.info/redirect?url=http%3A%2F%2Fdhl%2Ecom%2Flogin,1
https://stackoverflow.com/articles/cybersecurity?language=en&q=artificial+intelligence&q=machine+learning,0
http://verify-microsoft-account.click/verify?user=695666,1
https://docs.microsoft.com/wiki/Computer_security?topic=security&sort=popular&utm_source=google,0
http://linkedin%2Dbilling.live/auth%2Flogin%3Fid%3D655892,1
https://github.com/products/software?q=artificial+intelligence&category=technology,0
http://verify-facebook-account.tk/verify?user=476652,1
http://iimkeq.linkedin-suspended.support/account/login,1
http://157.197.48.200/login/signin?session=cmqbv4nz8gd7,1
https://microsoft.com/users/12345?sort=newest,0
https://google.com/user/profile,0
http://j8lcqdc.xyz/restore?account=654519&verify=true&session=p7a8mshlnkhyabxn,1
http://facebook-support.click/account/security/verification/login/confirm,1
https://stackoverflow.com/search,0
https://developer.mozilla.org/products/software?language=en&year=2026,0
http://dweyqd.chase-authenticate.support/account/login,1
https://support.cloudflare.com/help/article,0
http://google%2Drestore.click/auth%2Flogin%3Fid%3D163553,1
http://lzr5ed18be.xyz/downloads/invoice_update.scr,1
http://80ialug.top/suspended?account=350273&verify=true&session=m6zqk12obkkctf4v,1
https://docs.linkedin.com/questions?id=776070&q=computer+science,0
https://amazon.com/download,0
https://developer.amazon.com/help/article?language=en,0
https://amazon.com/video/technology,0
http://amazon-wallet-secure.xyz/login,1
http://qethzppqr2.ml/downloads/invoice_update.bat,1
https://arxiv.org/community/discussion?category=technology&utm_medium=search&page=2,0
https://accounts.apple.com/wiki/Computer_security?language=en&category=technology,0
https://blog.npmjs.com/user/profile?utm_source=google,0
http://google%2Dverification.support/auth%2Flogin%3Fid%3D302074,1
http://verify-linkedin-account.top/verify?user=762391,1
http://p4z40q4.biz/suspended?account=971177&verify=true&session=n27cuprjwhg83h1i,1
https://blog.reddit.com/blog/technology,0
https://mozilla.org/docs/python/tutorial,0
https://support.google.com/account/settings?topic=security,0
http://63.80.167.119/login/invoice?session=dssob3pity17,1
http://instagram%2Drestore.info/auth%2Flogin%3Fid%3D979879,1
http://clm3l1.google-verify.tk/account/login,1
http://p1v8cwbtud.tk/downloads/invoice_update.cmd,1
https://help.medium.com/watch,0
http://cjvvvs07o2.site/downloads/invoice_update.vbs,1
https://wikipedia.org/products/software,0
https://accounts.microsoft.com/repositories/example?user=290930,0
http://2gyv49.netflix-login.ml/account/login,1
https://learn.mozilla.org/docs/python/tutorial,0
http://dhl-support.xyz/account/security/verification/login/confirm,1
https://support.docs.python.org/documentation/getting-started?sort=newest,0
https://cloudflare.com/wiki/Computer_security,0
http://instagram%2Dwallet.online/auth%2Flogin%3Fid%3D933745,1
http://uq5vwb.dhl-verify.ml/account/login,1
https://mozilla.org/account/settings?utm_source=google,0
http://netflix-billing-secure.click/login,1
https://google.com/projects/example/issues/123?language=en,0
http://instagram-account-secure.xyz/login,1
https://developer.mozilla.org/users/12345,0
http://jes4q8.bankofamerica-suspended.ga/account/login,1
http://nrt3sul.support/login?account=246613&verify=true&session=uh0n9ok1r65fcdf2,1
https://docs.python.org/questions/12345/example?sort=newest&ref=homepage&page=2,0
http://verify-fedex-account.ml/verify?user=216029,1
https://docs.python.org/search?ref=homepage&language=en&q=python+tutorial,0
https://learn.mozilla.org/repositories/example?year=2026&sort=popular,0
http://facebook-support.xyz/account/security/verification/login/confirm,1
http://y0npvrl.ml/confirm?account=4380&verify=true&session=vbvna2k44i7j4yu6,1
https://docs.nytimes.com/users/12345,0
http://zuw906ec.ga/redirect?url=http%3A%2F%2Famazon%2Ecom%2Flogin,1
https://github.com/projects/example/issues/123,0
http://secure-facebook-billing.ga/payment/update?account=218715,1
http://8hklpz.netflix-wallet.xyz/account/login,1
http://4kha7tv.xyz/urgent?account=44001&verify=true&session=39ybspx01cvcop2r,1
https://medium.com/account/settings?q=artificial+intelligence,0
http://secure-facebook-billing.support/payment/update?account=207612,1
http://9b9kkz.microsoft-update.top/account/login,1
https://learn.wikipedia.org/repositories/example?topic=security,0
http://agr7gk.dhl-payment.xyz/account/login,1
http://gdebtj54qm.online/downloads/invoice_update.cmd,1
http://219.23.209.156/login/invoice?session=02lei8guy9p9,1
http://9c47axo8nm.info/downloads/invoice_update.zip,1
http://bankofamerica-support.click/account/security/verification/login/confirm,1
http://linkedin-signin-secure.tk/login,1
http://02er7bma.live/redirect?url=http%3A%2F%2Ffacebook%2Ecom%2Flogin,1
https://github.com/wiki/Artificial_intelligence?q=machine+learning,0
https://docs.linkedin.com/docs/python/tutorial?sort=popular&ref=homepage&q=computer+science,0
https://reddit.com/repositories/example?page=2&id=579866,0
https://blog.github.com/community/discussion,0
https://nytimes.com/help/article?topic=security,0
http://su3qcv.amazon-unlock.ml/account/login,1
http://secure-instagram-billing.xyz/payment/update?account=587844,1
https://news.microsoft.com/projects/example/issues/123,0
http://i4l6damh.site/redirect?url=http%3A%2F%2Fchase%2Ecom%2Flogin,1
http://d1of1pbp.click/redirect?url=http%3A%2F%2Flinkedin%2Ecom%2Flogin,1
http://linkedin-authenticate-secure.ml/login,1
https://learn.arxiv.org/repositories/example?page=3&id=182839,0
https://blog.mozilla.org/articles/cybersecurity?topic=security,0
http://tzx05qdy85.ga/downloads/invoice_update.scr,1
http://9z9ocxlg1a.top/downloads/invoice_update.cmd,1
https://developer.amazon.com/docs/python/tutorial?category=technology,0
https://www.linkedin.com/wiki/Computer_security,0
http://74.38.96.89/login/account?session=4h19j0hegs3y,1
http://verify-facebook-account.info/verify?user=378682,1
https://accounts.apple.com/users/12345?utm_medium=search,0
https://help.medium.com/blog/article?category=technology&id=153716,0
https://npmjs.com/video/technology?q=python+tutorial,0
https://accounts.google.com/user/profile,0
https://blog.arxiv.org/users/12345,0
http://95yqgl0gnx.info/downloads/invoice_update.vbs,1
http://chase-support.biz/account/security/verification/login/confirm,1
http://ynd4aj.microsoft-password.biz/account/login,1
https://stackoverflow.com/docs/python/tutorial,0
https://blog.medium.com/blog/article?sort=newest&utm_source=google,0
https://microsoft.com/users/12345?q=cybersecurity&year=2026,0
https://linkedin.com/video/technology,0
https://accounts.arxiv.org/users/12345?q=computer+science,0
https://npmjs.com/help/article,0
https://linkedin.com/questions?category=technology,0
https://www.github.com/projects/example/issues/123?category=technology&language=en&q=python+tutorial,0
https://npmjs.com/video/technology,0
https://docs.stackoverflow.com/user/profile,0
http://p5stru3.tk/urgent?account=718216&verify=true&session=qtrhc2zk1iyvsot2,1
http://paypal-verify-secure.ml/login,1
https://ubuntu.com/articles/cybersecurity?page=3&q=machine+learning,0
https://google.com/blog/technology,0
https://help.ubuntu.com/questions/12345/example?language=en&topic=security,0
https://reddit.com/video/technology,0
https://amazon.com/repositories/example?utm_source=google,0
https://support.google.com/help/article?utm_medium=search&q=cybersecurity,0
http://iv7rb3mt.live/redirect?url=http%3A%2F%2Ficloud%2Ecom%2Flogin,1
https://linkedin.com/download?sort=newest&q=python+tutorial&q=machine+learning,0
https://developer.github.com/documentation/getting-started?sort=newest&q=python+tutorial&year=2026,0
https://docs.python.org/docs/python/tutorial?sort=newest&q=artificial+intelligence&year=2026,0
http://secure-paypal-billing.live/payment/update?account=146479,1
http://z9khsc.paypal-restore.support/account/login,1
http://instagram%2Dconfirm.top/auth%2Flogin%3Fid%3D793675,1
https://support.medium.com/topics/python,0
https://help.stackoverflow.com/help/article,0
http://2xi109s.cc/security?account=994156&verify=true&session=9dng1mz47e3ujq9e,1
http://159.16.143.67/login/verification?session=8colkwmpnlak,1
https://arxiv.org/products/software?page=2&language=en,0
https://mozilla.org/account/settings?utm_source=google&q=machine+learning&q=artificial+intelligence,0
http://164.231.41.119/login/security?session=av7tqvgrn15k,1
http://65puuqd.site/verification?account=750101&verify=true&session=slphz5jd12xromto,1
http://secure-wellsfargo-billing.info/payment/update?account=788931,1
https://support.stackoverflow.com/repositories/example?user=194531&q=python+tutorial,0
http://tjbmqaex.biz/redirect?url=http%3A%2F%2Fwellsfargo%2Ecom%2Flogin,1
http://icloud-support.info/account/security/verification/login/confirm,1
http://jo6r63.apple-billing.tk/account/login,1
https://google.com/blog/article,0
http://chase-support.tk/account/security/verification/login/confirm,1
https://stackoverflow.com/community/discussion?q=python+tutorial&q=cybersecurity&user=297189,0
http://1lfmup.linkedin-confirm.online/account/login,1
https://docs.reddit.com/user/profile,0
https://news.google.com/search/results?page=2&user=519895,0
https://stackoverflow.com/users/12345?id=765201&language=en&sort=popular,0
https://support.amazon.com/repositories/example?user=185076,0
https://ubuntu.com/wiki/Artificial_intelligence?user=793630&page=3,0
http://secure-bankofamerica-billing.top/payment/update?account=139840,1
https://amazon.com/blog/technology?q=machine+learning&q=cybersecurity&ref=homepage,0
https://ubuntu.com/products/software,0
https://news.wikipedia.org/account/settings,0
https://www.youtube.com/users/12345?utm_medium=search&ref=homepage&page=3,0
https://developer.youtube.com/repositories/example?sort=popular&user=869170,0
https://blog.wikipedia.org/search/results,0
https://youtube.com/search/results?sort=popular&id=962660,0
https://stackoverflow.com/documentation/getting-started,0
https://accounts.python.org/docs/python/tutorial,0
https://amazon.com/account/settings,0
http://pt9udpa.online/password?account=856946&verify=true&session=l24if3nezkwcvwmk,1
http://117.78.203.222/login/billing?session=74kjdma3ed8e,1
https://docs.npmjs.com/video/technology?utm_source=google,0
https://nytimes.com/articles/cybersecurity?language=en&page=2&sort=popular,0
http://rym8pa2j.support/redirect?url=http%3A%2F%2Ficloud%2Ecom%2Flogin,1
http://verify-icloud-account.tk/verify?user=348730,1
https://learn.reddit.com/projects/example/issues/123,0
http://instagram-support.info/account/security/verification/login/confirm,1
http://netflix-billing-secure.ml/login,1
https://arxiv.org/account/settings,0
https://npmjs.com/wiki/Artificial_intelligence?q=artificial+intelligence&q=python+tutorial,0
http://2d62ne.amazon-password.tk/account/login,1
https://news.cloudflare.com/search/results?ref=homepage,0
https://reddit.com/account/settings?q=python+tutorial,0
http://o7ckdor8bs.live/downloads/invoice_update.rar,1
http://noy2v3vxqz.biz/downloads/invoice_update.scr,1
http://verify-dhl-account.live/verify?user=702826,1
http://icloud%2Drestore.biz/auth%2Flogin%3Fid%3D951243,1
https://amazon.com/users/12345?topic=security&sort=popular,0
http://verify-wellsfargo-account.support/verify?user=691447,1
https://npmjs.com/questions/12345/example,0
https://google.com/topics/python,0
http://rgzo5fi.biz/wallet?account=41465&verify=true&session=zog3vwk24zchqw6t,1
https://microsoft.com/docs/python/tutorial?page=3&year=2026&q=artificial+intelligence,0
https://google.com/user/profile?q=cybersecurity&user=803875,0
https://medium.com/download,0
http://amazon-support.biz/account/security/verification/login/confirm,1
https://developer.google.com/watch,0
http://r89p8am2r2.info/downloads/invoice_update.php,1
http://scojwgq.info/verify?account=729178&verify=true&session=wluh5gllj5yqpo93,1
https://microsoft.com/wiki/Computer_security?language=en&q=machine+learning,0
http://secure-bankofamerica-billing.info/payment/update?account=339392,1
http://apple-verify-secure.info/login,1
https://www.youtube.com/users/12345?ref=homepage&q=python+tutorial,0
https://support.docs.python.org/search/results,0
http://210.96.17.191/login/urgent?session=uewsg0nwhgb0,1
https://microsoft.com/watch,0
https://blog.ubuntu.com/repositories/example,0
https://github.com/wiki/Computer_security,0
http://verify-linkedin-account.live/verify?user=241510,1
http://amazon-security-secure.ml/login,1
https://blog.apple.com/articles/cybersecurity,0
http://wellsfargo-restore-secure.ml/login,1
https://microsoft.com/help/article?ref=homepage&id=691917&q=artificial+intelligence,0
http://secure-instagram-billing.live/payment/update?account=13658,1
http://secure-google-billing.tk/payment/update?account=315268,1
http://fedex-support.click/account/security/verification/login/confirm,1
https://help.apple.com/help/article?page=3,0
https://learn.medium.com/blog/article?category=technology&id=684051&q=cybersecurity,0
https://developer.youtube.com/docs/python/tutorial,0
http://ndvoiz5.ml/confirm?account=9206&verify=true&session=9q67z70vyjkx8lk7,1
https://python.org/blog/article,0
https://accounts.arxiv.org/repositories/example?q=python+tutorial,0
https://developer.ubuntu.com/watch?ref=homepage&category=technology&sort=popular,0
https://linkedin.com/news/technology?q=artificial+intelligence&page=2&q=computer+science,0
http://verify-apple-account.ml/verify?user=717712,1
http://verify-facebook-account.tk/verify?user=957920,1
http://3vakrh.paypal-wallet.cc/account/login,1
http://bankofamerica%2Dverification.top/auth%2Flogin%3Fid%3D383258,1
https://news.apple.com/account/settings,0
https://blog.mozilla.org/users/12345?year=2026&id=810884&ref=homepage,0
https://github.com/search/results,0
http://yk3mikyi.xyz/redirect?url=http%3A%2F%2Fbankofamerica%2Ecom%2Flogin,1
http://facebook%2Dinvoice.xyz/auth%2Flogin%3Fid%3D687870,1
http://101.212.69.18/login/security?session=xm08bav34ubd,1
http://instagram-support.ml/account/security/verification/login/confirm,1
http://1.188.132.156/login/verification?session=7kro96rpdje3,1
http://verify-microsoft-account.ga/verify?user=325635,1
http://hym1vb4l.site/redirect?url=http%3A%2F%2Finstagram%2Ecom%2Flogin,1
https://linkedin.com/help/article?q=computer+science&language=en,0
http://secure-google-billing.online/payment/update?account=669110,1
http://qsj4h2.microsoft-password.support/account/login,1
http://microsoft-support.support/account/security/verification/login/confirm,1
http://9lfk5clp.site/redirect?url=http%3A%2F%2Ficloud%2Ecom%2Flogin,1
https://blog.nytimes.com/search?page=2&ref=homepage,0
https://blog.ubuntu.com/docs/python/tutorial?page=3,0
http://3hkx8l8.biz/billing?account=278314&verify=true&session=79ftwfyveruzst1q,1
http://secure-linkedin-billing.biz/payment/update?account=570838,1
http://netflix%2Dsuspended.ga/auth%2Flogin%3Fid%3D784818,1
https://docs.python.org/questions/12345/example?language=en,0
https://ubuntu.com/account/settings?ref=homepage,0
https://accounts.amazon.com/wiki/Computer_security?q=machine+learning,0
https://apple.com/repositories/example?q=python+tutorial&q=machine+learning&page=2,0
http://verify-netflix-account.click/verify?user=50483,1
https://news.reddit.com/search/results?year=2026&user=887925&id=909988,0
http://pyy5r8.facebook-urgent.support/account/login,1
http://86n8rx.apple-account.online/account/login,1
http://bankofamerica-support.support/account/security/verification/login/confirm,1
https://python.org/questions,0
https://apple.com/questions/12345/example?utm_source=google&year=2026,0
http://verify-dhl-account.site/verify?user=4404,1
https://wikipedia.org/docs/python/tutorial,0
http://secure-amazon-billing.click/payment/update?account=371046,1
http://google-support.site/account/security/verification/login/confirm,1
https://www.arxiv.org/blog/article?topic=security&utm_source=google&user=676127,0
https://developer.mozilla.org/watch,0
https://nytimes.com/search/results?utm_source=google&language=en&utm_medium=search,0
http://facebook-payment-secure.biz/login,1
http://facebook-support.ml/account/security/verification/login/confirm,1
https://docs.stackoverflow.com/account/settings,0
https://reddit.com/news/technology?id=475141&year=2026,0
https://help.python.org/download?language=en&user=236097&category=technology,0
https://developer.google.com/wiki/Computer_security?year=2026&sort=newest,0
https://google.com/help/article,0
http://verify-amazon-account.tk/verify?user=380230,1
https://developer.npmjs.com/articles/cybersecurity?user=294366&q=machine+learning&q=python+tutorial,0
http://7jplc2kt.ga/redirect?url=http%3A%2F%2Fbankofamerica%2Ecom%2Flogin,1
https://reddit.com/products/software,0
https://developer.amazon.com/repositories/example?sort=newest,0
https://accounts.docs.python.org/blog/article?q=computer+science&q=cybersecurity&utm_source=google,0
https://npmjs.com/questions,0
http://93.61.66.188/login/payment?session=h55q62s52pxv,1
http://amazon%2Dverify.tk/auth%2Flogin%3Fid%3D2281,1
http://apple-support.online/account/security/verification/login/confirm,1
http://chase%2Drestore.click/auth%2Flogin%3Fid%3D896163,1
http://fedex-support.biz/account/security/verification/login/confirm,1
http://verify-paypal-account.info/verify?user=411298,1
http://voqh8nw.ga/billing?account=356692&verify=true&session=49cki6bf35fb0isx,1
https://docs.arxiv.org/help/article?id=472579&q=machine+learning,0
http://14lccbw.ml/suspended?account=136687&verify=true&session=fqgd4a3h1pr9xb8u,1
http://3kkisd.instagram-verification.ga/account/login,1
https://reddit.com/projects/example/issues/123,0
http://yhk4zzia.support/redirect?url=http%3A%2F%2Ffacebook%2Ecom%2Flogin,1
http://ifjtem.google-login.cc/account/login,1
http://0mnxpcne.top/redirect?url=http%3A%2F%2Fgoogle%2Ecom%2Flogin,1
https://blog.github.com/topics/python,0
http://secure-amazon-billing.info/payment/update?account=942052,1
https://support.npmjs.com/download,0
http://secure-google-billing.xyz/payment/update?account=57199,1
https://news.reddit.com/users/12345,0
https://apple.com/projects/example/issues/123?utm_medium=search,0
https://microsoft.com/users/12345?language=en,0
http://5rni7he0xm.top/downloads/invoice_update.cmd,1
https://stackoverflow.com/user/profile?category=technology&language=en&page=2,0
https://support.reddit.com/docs/python/tutorial,0
http://secure-wellsfargo-billing.ml/payment/update?account=168958,1
https://learn.arxiv.org/blog/article?ref=homepage&q=computer+science&user=517428,0
http://secure-wellsfargo-billing.click/payment/update?account=3548,1
https://help.python.org/watch?page=2,0
https://ubuntu.com/watch?utm_medium=search&topic=security&sort=newest,0
https://learn.microsoft.com/topics/python,0
http://146.25.223.41/login/secure?session=48v6ls24mnei,1
http://160.6.234.6/login/urgent?session=xs4p0dhv5hfv,1
http://amazon%2Dunlock.cc/auth%2Flogin%3Fid%3D847980,1
http://u8hlat845c.biz/downloads/invoice_update.bat,1
http://secure-icloud-billing.site/payment/update?account=129492,1
http://wega6t71.click/redirect?url=http%3A%2F%2Fnetflix%2Ecom%2Flogin,1
http://bankofamerica%2Dverification.support/auth%2Flogin%3Fid%3D123235,1
http://102.72.200.119/login/confirm?session=a3rlhvpepziv,1
https://arxiv.org/download,0
https://docs.python.org/articles/cybersecurity,0
http://verify-apple-account.xyz/verify?user=729006,1
http://fedex-support.ml/account/security/verification/login/confirm,1
https://microsoft.com/help/article,0
http://ewo9b98t.info/redirect?url=http%3A%2F%2Fmicrosoft%2Ecom%2Flogin,1
https://support.stackoverflow.com/blog/article,0
http://3vu9ifk.online/account?account=406041&verify=true&session=l0qnxz46rsza29b4,1
http://9f9uhooge4.top/downloads/invoice_update.zip,1
https://arxiv.org/products/software,0
https://developer.reddit.com/topics/python,0
https://ubuntu.com/community/discussion?q=computer+science&q=machine+learning&page=2,0
https://reddit.com/products/software?sort=popular&sort=newest&category=technology,0
http://wellsfargo-support.live/account/security/verification/login/confirm,1
https://youtube.com/docs/python/tutorial?page=3,0
https://developer.mozilla.org/blog/article?q=cybersecurity&utm_medium=search,0
https://docs.python.org/wiki/Computer_security?year=2026&page=3,0
http://91.193.251.77/login/password?session=6au5oqbv9ci1,1
https://www.python.org/search/results?language=en&user=937516&id=147570,0
http://chd3io4j.support/redirect?url=http%3A%2F%2Fchase%2Ecom%2Flogin,1
https://developer.developer.mozilla.org/video/technology?q=python+tutorial&q=artificial+intelligence&utm_medium=search,0
http://paypal-support.online/account/security/verification/login/confirm,1
http://linkedin%2Dwallet.tk/auth%2Flogin%3Fid%3D703886,1
https://ubuntu.com/community/discussion?ref=homepage,0
http://wellsfargo-restore-secure.click/login,1
http://secure-bankofamerica-billing.biz/payment/update?account=396237,1
http://secure-fedex-billing.support/payment/update?account=991632,1
http://secure-paypal-billing.tk/payment/update?account=70656,1
https://linkedin.com/video/technology?q=python+tutorial,0
http://amazon%2Dunlock.tk/auth%2Flogin%3Fid%3D622899,1
http://csrrxxh.online/update?account=777152&verify=true&session=tnrsjfeg3vqqsv4s,1
https://developer.reddit.com/questions?q=artificial+intelligence&sort=newest,0
https://blog.docs.python.org/questions?q=machine+learning&utm_medium=search,0
http://yruylq.apple-password.tk/account/login,1
http://apatuth8rb.xyz/downloads/invoice_update.exe,1
https://blog.amazon.com/help/article?q=python+tutorial&sort=newest&user=338865,0
http://ekyjhavo.ga/redirect?url=http%3A%2F%2Fchase%2Ecom%2Flogin,1
https://youtube.com/topics/python?utm_source=google,0
http://apple-verify-secure.live/login,1
https://microsoft.com/users/12345,0
http://verify-bankofamerica-account.ga/verify?user=639320,1
https://youtube.com/community/discussion?sort=popular&page=2,0
https://arxiv.org/wiki/Artificial_intelligence?category=technology&utm_medium=search,0
https://microsoft.com/account/settings?topic=security&utm_source=google&page=3,0
https://youtube.com/blog/article?id=255963&page=2,0
https://google.com/account/settings,0
https://learn.python.org/help/article?q=computer+science&page=2,0
http://microsoft-support.xyz/account/security/verification/login/confirm,1
http://180.160.212.1/login/login?session=85cyrp4xass3,1
http://b7j08bad.tk/redirect?url=http%3A%2F%2Fpaypal%2Ecom%2Flogin,1
http://162.158.103.30/login/restore?session=fyvtmb6vlohj,1
https://blog.docs.python.org/wiki/Computer_security?ref=homepage,0
http://ccfknmfu.cc/redirect?url=http%3A%2F%2Ffacebook%2Ecom%2Flogin,1
http://sgiba5.apple-verification.xyz/account/login,1
http://utmmc27.info/verification?account=109279&verify=true&session=he2g1dcrbkfrssfw,1
http://181.89.16.21/login/password?session=al4x4r3vo1u2,1
https://developer.github.com/user/profile?q=computer+science,0
http://fedex%2Dpassword.tk/auth%2Flogin%3Fid%3D612866,1
https://reddit.com/help/article?page=3,0
https://accounts.reddit.com/community/discussion?sort=newest&q=artificial+intelligence,0
http://facebook-signin-secure.top/login,1
https://python.org/wiki/Computer_security,0
http://google-verify-secure.ga/login,1
https://wikipedia.org/wiki/Computer_security,0
http://128.239.94.226/login/urgent?session=2efd2pwhi90l,1
http://amazon-wallet-secure.info/login,1
https://microsoft.com/wiki/Artificial_intelligence,0
https://github.com/wiki/Artificial_intelligence,0
https://ubuntu.com/topics/python,0
https://stackoverflow.com/news/technology?q=machine+learning&sort=newest&year=2026,0
http://195.154.225.136/login/unlock?session=r6maoq7w3n1v,1
http://secure-instagram-billing.biz/payment/update?account=181580,1
https://cloudflare.com/repositories/example?q=artificial+intelligence&q=python+tutorial&page=3,0
http://pbedwxfy.ml/redirect?url=http%3A%2F%2Fbankofamerica%2Ecom%2Flogin,1
http://cb7emnt.online/suspended?account=865894&verify=true&session=bjn4tol1lrsg9afy,1
https://arxiv.org/projects/example/issues/123?q=cybersecurity&page=3&language=en,0
http://chase-suspended-secure.click/login,1
https://google.com/watch?page=3,0
http://ykz9n6q9.live/redirect?url=http%3A%2F%2Flinkedin%2Ecom%2Flogin,1
https://google.com/questions,0
http://59ijvg9j1g.ga/downloads/invoice_update.vbs,1
http://verify-bankofamerica-account.biz/verify?user=93563,1
http://bankofamerica-support.tk/account/security/verification/login/confirm,1
http://5p67rfk.support/invoice?account=897564&verify=true&session=712k654q58yfdsb2,1
http://t21alq611m.biz/downloads/invoice_update.rar,1
http://wuqr0b.netflix-suspended.support/account/login,1
http://8p8tw5lb.live/redirect?url=http%3A%2F%2Finstagram%2Ecom%2Flogin,1
https://cloudflare.com/questions?topic=security&user=599076&page=3,0
https://learn.npmjs.com/video/technology?topic=security,0
https://accounts.amazon.com/search/results?q=computer+science&language=en&sort=newest,0
http://verify-microsoft-account.ga/verify?user=834655,1
https://blog.wikipedia.org/questions/12345/example,0
https://learn.youtube.com/products/software,0
https://github.com/questions?user=566427&page=3,0
http://google-support.support/account/security/verification/login/confirm,1
http://syllz64.tk/invoice?account=333670&verify=true&session=mfewkqn85ib2u2mg,1
http://verify-paypal-account.ml/verify?user=897330,1
https://ubuntu.com/user/profile?id=751151,0
http://byp39f.netflix-secure.site/account/login,1
http://secure-netflix-billing.click/payment/update?account=565895,1
https://help.mozilla.org/watch,0
http://vm3hs2pjcs.cc/downloads/invoice_update.js,1
https://support.arxiv.org/projects/example/issues/123?id=443412&q=artificial+intelligence,0
https://developer.nytimes.com/search/results?topic=security,0
http://p09dymu6.tk/redirect?url=http%3A%2F%2Ficloud%2Ecom%2Flogin,1
https://nytimes.com/wiki/Computer_security,0
https://developer.stackoverflow.com/users/12345?q=artificial+intelligence&q=python+tutorial&utm_medium=search,0
http://s5t5pprox4.ml/downloads/invoice_update.zip,1
https://nytimes.com/user/profile?q=cybersecurity,0
https://ubuntu.com/questions/12345/example?page=2&q=python+tutorial,0
https://arxiv.org/help/article?user=512482&topic=security,0
https://mozilla.org/products/software,0
https://help.mozilla.org/topics/python,0
http://secure-google-billing.click/payment/update?account=882320,1
http://c5nd2g33yg.site/downloads/invoice_update.bat,1
https://medium.com/community/discussion?user=864829&utm_medium=search,0
https://help.npmjs.com/topics/python?language=en,0
http://118.143.101.84/login/login?session=z3bi25k63euy,1
https://blog.reddit.com/user/profile?page=3&id=200836,0
https://learn.stackoverflow.com/users/12345,0
http://iuwhp1cd7u.cc/downloads/invoice_update.js,1
https://apple.com/documentation/getting-started?language=en,0
https://npmjs.com/questions/12345/example?q=machine+learning&category=technology&utm_medium=search,0
http://microsoft%2Dauthenticate.biz/auth%2Flogin%3Fid%3D681438,1
https://docs.python.org/news/technology?utm_medium=search&sort=newest&topic=security,0
https://microsoft.com/watch,0
http://dhl%2Dsecure.click/auth%2Flogin%3Fid%3D16649,1
http://wacmtvi.site/invoice?account=792461&verify=true&session=jdl1lzodniyqwkx2,1
http://fedex-support.cc/account/security/verification/login/confirm,1
http://hib2kcw4.ga/redirect?url=http%3A%2F%2Fwellsfargo%2Ecom%2Flogin,1
https://stackoverflow.com/repositories/example,0
http://instagram-support.xyz/account/security/verification/login/confirm,1
https://learn.developer.mozilla.org/search/results?user=563761&category=technology,0
http://113.253.222.109/login/login?session=g6md7x6ddg84,1
http://hjyu4k9.ml/invoice?account=873326&verify=true&session=e9jhk5986xkqezb7,1
http://74k75meq.biz/redirect?url=http%3A%2F%2Fbankofamerica%2Ecom%2Flogin,1
https://docs.reddit.com/repositories/example,0
http://861bgy.wellsfargo-signin.tk/account/login,1
http://170.254.39.24/login/account?session=du2bmynd1z3b,1
http://bankofamerica-support.ga/account/security/verification/login/confirm,1
http://0gmhvkvx.tk/redirect?url=http%3A%2F%2Fpaypal%2Ecom%2Flogin,1
http://josnqr.microsoft-payment.support/account/login,1
http://secure-icloud-billing.online/payment/update?account=798056,1
https://nytimes.com/docs/python/tutorial?q=computer+science,0
https://blog.ubuntu.com/help/article?q=python+tutorial,0
http://secure-linkedin-billing.site/payment/update?account=384437,1
http://31.32.186.28/login/billing?session=6epybbr2dt1t,1
https://microsoft.com/search?id=791371,0
https://accounts.github.com/blog/article,0
https://python.org/docs/python/tutorial?sort=popular,0
https://accounts.python.org/watch?q=artificial+intelligence&id=586616&user=14026,0
https://nytimes.com/search/results?language=en,0
https://wikipedia.org/help/article?page=2,0
https://google.com/search/results?utm_source=google&category=technology&q=python+tutorial,0
http://3x51h5.google-security.top/account/login,1
https://learn.cloudflare.com/questions,0
http://gs637ne.ga/payment?account=23838&verify=true&session=mgqwyru4ij3u4rd3,1
http://fvu58gp2me.info/downloads/invoice_update.exe,1
https://help.mozilla.org/community/discussion?q=machine+learning,0
https://learn.nytimes.com/search/results?utm_medium=search,0
http://google-password-secure.cc/login,1
http://z80n0q4b.online/redirect?url=http%3A%2F%2Fgoogle%2Ecom%2Flogin,1
http://wellsfargo-support.ml/account/security/verification/login/confirm,1
https://www.wikipedia.org/questions,0
https://www.stackoverflow.com/wiki/Computer_security?language=en,0
http://37.209.66.78/login/restore?session=70tbqzzxr52b,1
http://secure-fedex-billing.tk/payment/update?account=291387,1
https://accounts.wikipedia.org/questions/12345/example?page=3&ref=homepage,0
http://secure-netflix-billing.info/payment/update?account=628902,1
https://developer.microsoft.com/account/settings?q=cybersecurity,0
http://40ein55p9a.ml/downloads/invoice_update.bat,1
http://microsoft-support.ga/account/security/verification/login/confirm,1
https://help.linkedin.com/user/profile?sort=popular,0
http://verify-icloud-account.top/verify?user=18938,1
https://youtube.com/download?user=329993&topic=security&utm_source=google,0
http://8bnyzk.icloud-billing.click/account/login,1
http://instagram%2Dlogin.ml/auth%2Flogin%3Fid%3D344381,1
https://support.stackoverflow.com/account/settings?user=203542,0
https://wikipedia.org/help/article?topic=security&language=en,0
http://219.67.66.184/login/account?session=25wigpxmci6f,1
https://support.amazon.com/articles/cybersecurity,0
https://github.com/documentation/getting-started?q=computer+science,0
http://eduiam8.xyz/verify?account=693488&verify=true&session=3kgihxecrwyktr0l,1
http://96.197.240.193/login/restore?session=hlwjcfmdyq1h,1
https://docs.developer.mozilla.org/questions/12345/example?q=computer+science&utm_source=google,0
http://instagram-billing-secure.xyz/login,1
http://kru9f93.cc/signin?account=704170&verify=true&session=c66ta5vum9axmzv4,1
https://wikipedia.org/questions,0
http://verify-microsoft-account.ml/verify?user=735620,1
https://help.youtube.com/projects/example/issues/123?language=en&page=2&q=cybersecurity,0
https://stackoverflow.com/products/software,0
http://f8ukb0.dhl-signin.biz/account/login,1
https://reddit.com/questions?page=2,0
https://help.nytimes.com/wiki/Computer_security?utm_medium=search,0
http://icloud-urgent-secure.biz/login,1
http://a02ebc.icloud-suspended.tk/account/login,1
https://support.stackoverflow.com/questions/12345/example?ref=homepage,0
http://208.31.210.173/login/payment?session=plp1utag8gts,1
https://python.org/news/technology?user=569787&year=2026&sort=popular,0
http://google%2Dsecure.biz/auth%2Flogin%3Fid%3D305621,1
https://learn.youtube.com/topics/python,0
http://48.27.238.7/login/payment?session=iqratmfba34g,1
https://cloudflare.com/watch?sort=popular&user=822417&page=3,0
http://amazon-support.online/account/security/verification/login/confirm,1
http://verify-netflix-account.xyz/verify?user=189179,1
http://n551izm.top/signin?account=530721&verify=true&session=yws53f49jibc9hbb,1
http://paypal-support.live/account/security/verification/login/confirm,1
http://8r77w1y.ml/password?account=634873&verify=true&session=s6odbxgv12wznxx6,1
https://medium.com/questions/12345/example?utm_source=google&user=783395,0
http://icloud%2Dconfirm.live/auth%2Flogin%3Fid%3D536591,1
http://wellsfargo-suspended-secure.site/login,1
http://k6ooanwpxi.info/downloads/invoice_update.rar,1
https://apple.com/help/article?page=2,0
http://dce3rmf.top/invoice?account=950160&verify=true&session=2x0b5oalg2n3np4c,1
https://news.npmjs.com/download,0
https://news.reddit.com/search,0
https://cloudflare.com/search/results,0
https://ubuntu.com/users/12345?page=2,0
https://www.linkedin.com/watch?topic=security&q=python+tutorial,0
https://apple.com/video/technology?q=python+tutorial,0
http://s8e6wk6p.click/redirect?url=http%3A%2F%2Fdhl%2Ecom%2Flogin,1
http://dapzilfe.top/redirect?url=http%3A%2F%2Fwellsfargo%2Ecom%2Flogin,1
https://docs.amazon.com/repositories/example?utm_medium=search&user=357717,0
http://jipurntdt0.biz/downloads/invoice_update.js,1
http://google%2Dbilling.biz/auth%2Flogin%3Fid%3D534367,1
https://npmjs.com/download,0
http://39mk510p2u.site/downloads/invoice_update.exe,1
https://support.youtube.com/blog/article?q=computer+science&q=python+tutorial&page=2,0
https://learn.youtube.com/search/results?page=2,0
http://secure-bankofamerica-billing.live/payment/update?account=110244,1
https://learn.cloudflare.com/watch?q=artificial+intelligence&user=708905,0
https://learn.youtube.com/topics/python,0
http://a54xa99.live/invoice?account=964459&verify=true&session=tszmw3y600iep8au,1
https://www.apple.com/repositories/example?q=machine+learning&year=2026,0
https://python.org/search/results?q=artificial+intelligence&language=en,0
https://amazon.com/watch?category=technology&q=machine+learning&page=2,0
http://secure-icloud-billing.click/payment/update?account=935308,1
http://secure-wellsfargo-billing.online/payment/update?account=50168,1
http://s4903si9cl.ga/downloads/invoice_update.scr,1
http://7jiod1sief.support/downloads/invoice_update.vbs,1
http://5k1r88p.ga/unlock?account=648480&verify=true&session=w9uu9ukltkwiugzh,1
https://news.youtube.com/search?sort=popular&sort=newest&user=450148,0
https://mozilla.org/documentation/getting-started?user=828043,0
http://88hyamxptg.live/downloads/invoice_update.vbs,1
https://youtube.com/watch,0
http://e7ojgma.live/urgent?account=368161&verify=true&session=si8qlwegfcmwtask,1
http://puggep.icloud-verification.cc/account/login,1
https://www.arxiv.org/watch,0
https://www.youtube.com/questions/12345/example,0
http://fedex-support.site/account/security/verification/login/confirm,1
http://gvbuh9i.tk/verify?account=956572&verify=true&session=n35kgdd4qsq4oge4,1
https://mozilla.org/account/settings?category=technology,0
https://developer.arxiv.org/search?category=technology,0
http://verify-apple-account.site/verify?user=902491,1
http://verify-chase-account.info/verify?user=977931,1
http://verify-facebook-account.click/verify?user=66083,1
http://sgt5wm8e.site/redirect?url=http%3A%2F%2Famazon%2Ecom%2Flogin,1
https://amazon.com/docs/python/tutorial?page=2&sort=popular,0
https://github.com/questions,0
http://verify-amazon-account.info/verify?user=778885,1
https://ubuntu.com/account/settings?q=artificial+intelligence,0
http://verify-bankofamerica-account.tk/verify?user=404523,1
http://04yq39wykv.site/downloads/invoice_update.rar,1
https://microsoft.com/projects/example/issues/123,0
https://support.linkedin.com/watch?category=technology&language=en,0
http://chase-confirm-secure.ga/login,1
http://cvyz8sq6.click/redirect?url=http%3A%2F%2Flinkedin%2Ecom%2Flogin,1
http://z5fnyavq.ml/redirect?url=http%3A%2F%2Fpaypal%2Ecom%2Flogin,1
http://4d8imf2esy.live/downloads/invoice_update.cmd,1
https://help.medium.com/questions/12345/example,0
https://docs.stackoverflow.com/watch?year=2026&ref=homepage,0
https://learn.python.org/video/technology?q=cybersecurity,0
https://npmjs.com/watch,0
https://news.ubuntu.com/blog/article?q=artificial+intelligence,0
https://developer.arxiv.org/repositories/example?page=3&q=python+tutorial,0
http://bqabtp8.xyz/security?account=962446&verify=true&session=1y16t3c5jyck3u46,1
https://stackoverflow.com/users/12345,0
http://3lm71reaav.biz/downloads/invoice_update.exe,1
http://chase-login-secure.cc/login,1
http://secure-google-billing.cc/payment/update?account=676731,1
http://6.146.176.218/login/unlock?session=dtp6zsgzrwc7,1
http://h4yeobjm0q.biz/downloads/invoice_update.rar,1
http://verify-microsoft-account.live/verify?user=756148,1
https://google.com/blog/article?topic=security&ref=homepage,0
http://128.236.116.202/login/invoice?session=9wsybgihbqb3,1
http://facebook-support.ga/account/security/verification/login/confirm,1
https://medium.com/products/software?sort=popular,0
https://microsoft.com/account/settings?page=3&language=en,0
https://help.wikipedia.org/articles/cybersecurity?user=678278,0
https://www.microsoft.com/blog/article?id=180517&utm_medium=search,0
http://google-support.xyz/account/security/verification/login/confirm,1
https://cloudflare.com/blog/technology,0
http://dhl-support.xyz/account/security/verification/login/confirm,1
http://linkedin%2Dupdate.support/auth%2Flogin%3Fid%3D589034,1
http://netflix-account-secure.online/login,1
http://instagram-support.tk/account/security/verification/login/confirm,1
http://20.246.235.80/login/security?session=xrkeaylrfn2v,1
https://mozilla.org/wiki/Artificial_intelligence?q=computer+science&topic=security,0
https://www.ubuntu.com/topics/python?q=machine+learning,0
http://verify-paypal-account.top/verify?user=792186,1
http://verify-google-account.online/verify?user=727631,1
http://icloud-support.site/account/security/verification/login/confirm,1
https://learn.wikipedia.org/search/results?utm_source=google&sort=newest&page=2,0
https://python.org/watch?sort=newest,0
https://docs.npmjs.com/blog/article?user=435303&id=227040,0
http://0a0b1q2.click/urgent?account=164191&verify=true&session=qvlx3n293q4598qa,1
http://verify-fedex-account.support/verify?user=766653,1
http://e7575m.facebook-billing.site/account/login,1
http://secure-amazon-billing.site/payment/update?account=371820,1
https://cloudflare.com/help/article?q=computer+science,0
https://developer.mozilla.org/documentation/getting-started?utm_source=google,0
http://paypal-account-secure.tk/login,1
https://ubuntu.com/video/technology,0
http://ougf4tww.xyz/redirect?url=http%3A%2F%2Famazon%2Ecom%2Flogin,1
https://ubuntu.com/search/results?ref=homepage&q=cybersecurity&page=2,0
https://reddit.com/docs/python/tutorial?page=2,0
https://developer.mozilla.org/search/results,0
https://npmjs.com/articles/cybersecurity?utm_source=google&q=artificial+intelligence&sort=popular,0
http://04nr8gs.site/billing?account=48805&verify=true&session=8qfde15nceq8fgza,1
http://bankofamerica%2Dwallet.online/auth%2Flogin%3Fid%3D31349,1
https://stackoverflow.com/help/article,0
https://news.linkedin.com/wiki/Computer_security,0
https://developer.microsoft.com/topics/python,0
https://accounts.nytimes.com/repositories/example?sort=popular,0
https://docs.python.org/download,0
https://accounts.github.com/help/article?ref=homepage&q=computer+science,0
http://61.87.220.91/login/unlock?session=gwdkv38s1rd7,1
https://cloudflare.com/search,0
https://blog.npmjs.com/questions/12345/example?q=python+tutorial&utm_medium=search&topic=security,0
http://1tve43c.click/verify?account=136199&verify=true&session=jn9aqwot26k23ium,1
https://www.youtube.com/repositories/example?page=2&q=computer+science&id=152857,0
http://xzt38rzb.ml/redirect?url=http%3A%2F%2Ffacebook%2Ecom%2Flogin,1
http://wg6vlxx3.site/redirect?url=http%3A%2F%2Fdhl%2Ecom%2Flogin,1
http://linkedin-password-secure.ga/login,1
http://83zc74n.cc/billing?account=78797&verify=true&session=k154ofli2yb3v784,1
https://youtube.com/account/settings,0
http://fedex%2Drestore.cc/auth%2Flogin%3Fid%3D902459,1
http://instagram%2Dconfirm.xyz/auth%2Flogin%3Fid%3D954651,1
https://developer.cloudflare.com/blog/technology?user=575134&q=cybersecurity&q=artificial+intelligence,0
https://stackoverflow.com/questions/12345/example?utm_medium=search,0
http://secure-facebook-billing.online/payment/update?account=198722,1
http://dhl-secure-secure.biz/login,1
https://wikipedia.org/video/technology?q=machine+learning&user=674528,0
http://amazon-restore-secure.click/login,1
https://medium.com/wiki/Computer_security?q=cybersecurity&language=en,0
https://support.google.com/users/12345,0
https://docs.python.org/topics/python,0
https://cloudflare.com/search/results,0
https://python.org/video/technology?year=2026&sort=newest,0
http://otr4yd.bankofamerica-restore.tk/account/login,1
http://instagram-support.biz/account/security/verification/login/confirm,1
http://facebook-support.click/account/security/verification/login/confirm,1
http://avjd7lovob.click/downloads/invoice_update.vbs,1
https://www.npmjs.com/topics/python?q=python+tutorial&page=3,0
http://94.23.132.229/login/login?session=ksnh8ois8s6e,1
https://arxiv.org/video/technology?page=3&page=2,0
http://secure-paypal-billing.biz/payment/update?account=895769,1
http://verify-chase-account.xyz/verify?user=508348,1
http://sm1tn1wm.support/redirect?url=http%3A%2F%2Famazon%2Ecom%2Flogin,1
http://qtxqx04j.ga/redirect?url=http%3A%2F%2Famazon%2Ecom%2Flogin,1
https://medium.com/questions?user=233142&sort=newest&year=2026,0
http://107.49.7.221/login/authenticate?session=98cjw5cezkdz,1
http://secure-google-billing.online/payment/update?account=777507,1
https://developer.mozilla.org/wiki/Artificial_intelligence,0
http://l0bxmp78kt.biz/downloads/invoice_update.bat,1
https://ubuntu.com/search/results?q=python+tutorial&page=3&user=207984,0
http://netflix-confirm-secure.xyz/login,1
https://docs.python.org/search/results?q=artificial+intelligence,0
https://python.org/help/article?q=artificial+intelligence,0
http://2sbii8z.biz/urgent?account=303635&verify=true&session=pmbj1wbylh9m0y23,1
http://instagram-support.ml/account/security/verification/login/confirm,1
https://blog.amazon.com/search/results?q=computer+science,0
http://51.56.254.250/login/unlock?session=8k2ocw401ic7,1
http://verify-instagram-account.support/verify?user=466734,1
http://av6c8hrb.biz/redirect?url=http%3A%2F%2Flinkedin%2Ecom%2Flogin,1
https://amazon.com/products/software?sort=popular&q=machine+learning&ref=homepage,0
http://secure-bankofamerica-billing.cc/payment/update?account=948126,1
http://167.138.165.234/login/password?session=cqzjg5yqmsms,1
https://mozilla.org/questions/12345/example?sort=popular&q=computer+science&q=python+tutorial,0
https://npmjs.com/documentation/getting-started?q=python+tutorial&ref=homepage,0
http://104.145.243.116/login/confirm?session=aqgoaahwm60b,1
http://apple-urgent-secure.ml/login,1
https://linkedin.com/community/discussion?utm_source=google&user=336169&q=cybersecurity,0
https://help.youtube.com/projects/example/issues/123,0
https://reddit.com/search/results,0
http://ousuie.icloud-wallet.ml/account/login,1
https://cloudflare.com/wiki/Computer_security?q=artificial+intelligence,0
http://verify-amazon-account.online/verify?user=318673,1
https://help.python.org/watch?q=artificial+intelligence,0
https://support.github.com/search/results?sort=newest,0
http://wellsfargo-support.xyz/account/security/verification/login/confirm,1
https://blog.nytimes.com/repositories/example?id=687563,0
https://ubuntu.com/watch,0
https://python.org/projects/example/issues/123,0
https://support.python.org/search?sort=newest&language=en,0
https://accounts.python.org/docs/python/tutorial,0
https://stackoverflow.com/users/12345?topic=security&id=963037&q=machine+learning,0
http://amazon-security-secure.online/login,1
http://secure-fedex-billing.click/payment/update?account=682691,1
https://news.medium.com/users/12345?page=3&topic=security,0
http://secure-instagram-billing.support/payment/update?account=154806,1
http://p58frvab.top/redirect?url=http%3A%2F%2Ficloud%2Ecom%2Flogin,1
https://wikipedia.org/articles/cybersecurity,0
http://secure-icloud-billing.cc/payment/update?account=183117,1
http://apple-support.site/account/security/verification/login/confirm,1
http://y09d7q1.ga/account?account=687719&verify=true&session=df6cranmt9aevo2p,1
https://developer.google.com/account/settings?topic=security,0
http://auv9uw5x.online/redirect?url=http%3A%2F%2Fmicrosoft%2Ecom%2Flogin,1
http://verify-amazon-account.biz/verify?user=216258,1
https://npmjs.com/projects/example/issues/123,0
https://www.microsoft.com/video/technology?user=798861&q=python+tutorial,0
https://help.wikipedia.org/questions,0
https://linkedin.com/community/discussion?utm_medium=search&user=779594&sort=newest,0
http://mjwfhq3773.live/downloads/invoice_update.js,1
http://microsoft-wallet-secure.biz/login,1
https://developer.ubuntu.com/search/results?utm_source=google&sort=newest&q=python+tutorial,0
https://support.amazon.com/wiki/Computer_security?q=computer+science,0
https://arxiv.org/video/technology?q=python+tutorial&user=110385,0
https://learn.reddit.com/download?q=artificial+intelligence&page=2,0
https://news.python.org/documentation/getting-started?id=211684,0
https://developer.docs.python.org/questions?year=2026&sort=popular,0
http://utnd20o3og.support/downloads/invoice_update.scr,1
http://181.170.219.2/login/signin?session=5558tnoi50md,1
http://r4j01te.cc/password?account=802604&verify=true&session=2z5b9a93t5q9wszr,1
http://secure-netflix-billing.info/payment/update?account=100585,1
http://secure-icloud-billing.ga/payment/update?account=311373,1
https://youtube.com/blog/article,0
http://n57gpj04.xyz/redirect?url=http%3A%2F%2Fmicrosoft%2Ecom%2Flogin,1
http://bpg35uza.cc/redirect?url=http%3A%2F%2Fdhl%2Ecom%2Flogin,1
http://g1fgx7y.tk/suspended?account=445903&verify=true&session=71hf4y2w7mmk0e4c,1
http://google%2Dsecure.info/auth%2Flogin%3Fid%3D555156,1
http://kg9i9v.netflix-invoice.xyz/account/login,1
https://medium.com/community/discussion?sort=newest&utm_source=google&year=2026,0
http://amazon-support.support/account/security/verification/login/confirm,1
http://secure-apple-billing.tk/payment/update?account=738863,1
https://ubuntu.com/video/technology,0
https://docs.python.org/products/software?year=2026,0
http://uqgo7k.bankofamerica-payment.support/account/login,1
https://www.mozilla.org/help/article?ref=homepage&q=artificial+intelligence,0
http://secure-icloud-billing.online/payment/update?account=130438,1
http://vmfghjpw.online/redirect?url=http%3A%2F%2Finstagram%2Ecom%2Flogin,1
http://secure-dhl-billing.xyz/payment/update?account=109389,1
https://microsoft.com/articles/cybersecurity?page=3&q=computer+science,0
https://developer.arxiv.org/video/technology,0
https://nytimes.com/documentation/getting-started?sort=popular&ref=homepage,0
http://79azbh.google-login.support/account/login,1
https://accounts.linkedin.com/blog/technology?q=machine+learning&page=2&language=en,0
https://github.com/articles/cybersecurity,0
https://news.ubuntu.com/wiki/Computer_security?language=en&topic=security,0
https://npmjs.com/community/discussion?sort=popular&q=cybersecurity&page=2,0
https://accounts.npmjs.com/blog/article?q=artificial+intelligence,0
https://stackoverflow.com/account/settings?q=cybersecurity&user=814864&sort=popular,0
http://linkedin-support.online/account/security/verification/login/confirm,1
https://help.ubuntu.com/articles/cybersecurity?utm_medium=search&q=cybersecurity&category=technology,0
https://docs.medium.com/news/technology?q=computer+science&q=cybersecurity,0
http://ehlszg2.ga/payment?account=385891&verify=true&session=58argbt9104f70qr,1
http://102.19.198.239/login/wallet?session=sbdr2s7z3t9y,1
http://microsoft-security-secure.info/login,1
http://rz12jdgd9i.cc/downloads/invoice_update.cmd,1
https://docs.python.org/community/discussion?q=python+tutorial,0
https://docs.python.org/docs/python/tutorial?topic=security,0
https://ubuntu.com/wiki/Computer_security?user=281110&q=machine+learning,0
http://verify-fedex-account.cc/verify?user=730158,1
https://stackoverflow.com/video/technology?category=technology&q=machine+learning,0
http://instagram-support.site/account/security/verification/login/confirm,1
http://yvfnas6x.info/redirect?url=http%3A%2F%2Ficloud%2Ecom%2Flogin,1
https://ubuntu.com/questions,0
http://rvj490edvq.click/downloads/invoice_update.zip,1
https://wikipedia.org/questions/12345/example,0
https://help.youtube.com/news/technology,0
https://help.mozilla.org/documentation/getting-started,0
https://accounts.arxiv.org/video/technology,0
http://linkedin-login-secure.live/login,1
http://sy823s.bankofamerica-signin.ga/account/login,1
https://news.python.org/watch?q=artificial+intelligence&utm_medium=search&q=computer+science,0
https://microsoft.com/search?language=en&sort=newest,0
https://help.amazon.com/search/results,0
http://667jin.wellsfargo-invoice.ml/account/login,1
https://reddit.com/user/profile?q=artificial+intelligence,0
https://npmjs.com/blog/article?page=2,0
http://secure-icloud-billing.online/payment/update?account=112727,1
https://google.com/repositories/example?sort=newest&topic=security,0
http://secure-wellsfargo-billing.tk/payment/update?account=286843,1
http://secure-amazon-billing.info/payment/update?account=921748,1
http://microsoft-verify-secure.xyz/login,1
http://hl0ys3.microsoft-authenticate.site/account/login,1
https://docs.apple.com/community/discussion?sort=newest,0
http://instagram-support.click/account/security/verification/login/confirm,1
http://136.208.218.5/login/password?session=6ou4ce2bp0mc,1
https://developer.reddit.com/wiki/Computer_security,0
https://learn.apple.com/download,0
http://icloud%2Dsuspended.biz/auth%2Flogin%3Fid%3D643690,1
http://96.138.42.215/login/payment?session=zbff9q9b72ah,1
http://6zc5rk.amazon-secure.live/account/login,1
https://learn.stackoverflow.com/search/results?page=3&language=en,0
http://0u8y3iydlg.online/downloads/invoice_update.bat,1
https://npmjs.com/watch?q=cybersecurity&q=python+tutorial&utm_medium=search,0
http://paypal%2Dbilling.xyz/auth%2Flogin%3Fid%3D953681,1
https://developer.mozilla.org/news/technology?q=computer+science,0
http://secure-microsoft-billing.top/payment/update?account=505161,1
https://google.com/wiki/Artificial_intelligence,0
http://secure-icloud-billing.support/payment/update?account=638831,1
https://www.npmjs.com/blog/article,0
https://youtube.com/account/settings,0
http://netflix%2Dsuspended.ml/auth%2Flogin%3Fid%3D202437,1
https://amazon.com/questions?id=469784&q=python+tutorial&user=782439,0
https://arxiv.org/user/profile?user=231019&page=2,0
http://verify-paypal-account.top/verify?user=418827,1
https://news.nytimes.com/topics/python?q=artificial+intelligence,0
https://docs.docs.python.org/news/technology,0
http://142.113.63.8/login/invoice?session=azspnjl1ji52,1
http://seh7g8vfny.live/downloads/invoice_update.zip,1
http://linkedin-support.top/account/security/verification/login/confirm,1
http://14.232.101.167/login/urgent?session=r8acjj0qjw5i,1
http://facebook%2Dunlock.ml/auth%2Flogin%3Fid%3D940773,1
http://verify-chase-account.info/verify?user=788643,1
http://25.21.9.250/login/secure?session=e3lueozkjm8b,1
http://amazon-confirm-secure.tk/login,1
https://help.ubuntu.com/watch?id=659342&page=2&q=cybersecurity,0
https://developer.mozilla.org/watch?id=661374,0
http://sktfo4.microsoft-invoice.biz/account/login,1
https://support.cloudflare.com/questions,0
http://118.142.95.15/login/invoice?session=wwwvoursc270,1
http://secure-dhl-billing.biz/payment/update?account=307364,1
http://123.37.241.127/login/payment?session=x79wyj2q8ayz,1
https://news.linkedin.com/blog/technology?id=53505&ref=homepage,0
http://icloud-authenticate-secure.tk/login,1
https://amazon.com/news/technology,0
https://support.linkedin.com/search/results?q=python+tutorial&q=artificial+intelligence&topic=security,0
http://verify-chase-account.ga/verify?user=903439,1
https://docs.python.org/blog/technology?sort=newest&q=machine+learning&ref=homepage,0
http://qgggcg.instagram-wallet.site/account/login,1
https://learn.linkedin.com/repositories/example?id=417224&topic=security,0
https://cloudflare.com/products/software,0
http://dhl%2Dpayment.live/auth%2Flogin%3Fid%3D593840,1
http://73.106.188.157/login/password?session=17ubrubv00o5,1
http://70f2w9.microsoft-verify.top/account/login,1
https://mozilla.org/user/profile?q=python+tutorial,0
http://linkedin-support.info/account/security/verification/login/confirm,1
https://www.mozilla.org/user/profile?q=computer+science&id=317640&year=2026,0
https://python.org/download?sort=popular,0
https://python.org/wiki/Artificial_intelligence?year=2026,0
https://nytimes.com/projects/example/issues/123,0
https://stackoverflow.com/video/technology?sort=newest&topic=security&utm_source=google,0
http://verify-dhl-account.biz/verify?user=758472,1
http://verify-chase-account.click/verify?user=196214,1
https://help.ubuntu.com/help/article,0
https://blog.stackoverflow.com/products/software?q=python+tutorial&sort=newest,0
http://95u469j.xyz/secure?account=817072&verify=true&session=4m31pd43o6p1y0b5,1
http://xgn8xx.chase-signin.support/account/login,1
http://paypal%2Dupdate.xyz/auth%2Flogin%3Fid%3D494219,1
https://www.reddit.com/blog/technology,0
https://blog.npmjs.com/community/discussion?topic=security&user=204182,0
http://yp7bhjr7ss.ml/downloads/invoice_update.bat,1
https://docs.docs.python.org/questions/12345/example?year=2026&q=machine+learning,0
https://wikipedia.org/blog/article,0
https://accounts.ubuntu.com/help/article?year=2026,0
http://jbkrpxat20.ga/downloads/invoice_update.php,1
https://accounts.docs.python.org/articles/cybersecurity?year=2026&user=362083&sort=popular,0
http://djf52se3.site/redirect?url=http%3A%2F%2Fwellsfargo%2Ecom%2Flogin,1
https://amazon.com/products/software,0
http://u2bmqbf0.tk/redirect?url=http%3A%2F%2Fmicrosoft%2Ecom%2Flogin,1
https://docs.python.org/projects/example/issues/123?utm_source=google&q=artificial+intelligence&q=cybersecurity,0
https://medium.com/community/discussion,0
http://netflix-support.info/account/security/verification/login/confirm,1
https://github.com/account/settings,0
http://paypal-support.live/account/security/verification/login/confirm,1
https://python.org/news/technology?q=computer+science&category=technology&page=2,0
http://156.6.250.218/login/wallet?session=zhxbcgefogvt,1
http://25.163.239.150/login/authenticate?session=du3hf78z1tzn,1
http://google%2Dsuspended.live/auth%2Flogin%3Fid%3D956537,1
http://fqjkad3j.ga/redirect?url=http%3A%2F%2Fdhl%2Ecom%2Flogin,1
http://peg00t.icloud-urgent.xyz/account/login,1
http://chase-wallet-secure.support/login,1
https://developer.nytimes.com/projects/example/issues/123?q=artificial+intelligence&q=computer+science&category=technology,0
https://support.mozilla.org/questions?id=701280&q=python+tutorial&language=en,0
https://npmjs.com/watch,0
http://wcj3kdr.ml/verification?account=541613&verify=true&session=cmyx2w0lqmmg08y3,1
https://cloudflare.com/account/settings,0
https://developer.amazon.com/community/discussion?page=3&q=python+tutorial,0
https://learn.github.com/projects/example/issues/123?id=998934&ref=homepage,0
https://docs.docs.python.org/topics/python?topic=security,0
http://05ctr244.ml/redirect?url=http%3A%2F%2Fchase%2Ecom%2Flogin,1
https://accounts.wikipedia.org/articles/cybersecurity,0
https://developer.mozilla.org/projects/example/issues/123,0
http://linkedin%2Dunlock.live/auth%2Flogin%3Fid%3D636054,1
http://fedex%2Dpayment.ml/auth%2Flogin%3Fid%3D357395,1
http://94.188.44.121/login/billing?session=1pxlqhpbjl7y,1
https://learn.google.com/questions,0
https://cloudflare.com/repositories/example?sort=newest&q=artificial+intelligence&language=en,0
http://wellsfargo%2Daccount.online/auth%2Flogin%3Fid%3D453128,1
http://mg8upzic.biz/redirect?url=http%3A%2F%2Fnetflix%2Ecom%2Flogin,1
http://kl9othqn.ml/redirect?url=http%3A%2F%2Ffacebook%2Ecom%2Flogin,1
http://l315fp.bankofamerica-authenticate.live/account/login,1
http://verify-paypal-account.top/verify?user=440415,1
https://news.arxiv.org/account/settings,0
https://reddit.com/questions/12345/example,0
https://apple.com/projects/example/issues/123?utm_source=google,0
http://u4oje1wdlr.biz/downloads/invoice_update.php,1
https://developer.mozilla.org/questions?page=2&category=technology,0
http://gi2gz7.facebook-signin.info/account/login,1
https://accounts.wikipedia.org/topics/python,0
https://stackoverflow.com/user/profile,0
http://f11ygg43jr.top/downloads/invoice_update.cmd,1
https://developer.mozilla.org/help/article,0
http://kwuolax.ga/suspended?account=728154&verify=true&session=i8xeuxdhmvkq3ff2,1
https://wikipedia.org/documentation/getting-started?utm_medium=search&sort=popular&user=538422,0
http://106.128.255.159/login/login?session=keqafa7zgyq3,1
http://amazon-verify-secure.top/login,1
https://nytimes.com/download?q=machine+learning,0
http://icloud-support.click/account/security/verification/login/confirm,1
http://pqwcz6un6c.online/downloads/invoice_update.js,1
https://help.mozilla.org/blog/technology?language=en,0
http://paypal%2Dsignin.live/auth%2Flogin%3Fid%3D544984,1
https://developer.cloudflare.com/topics/python?q=artificial+intelligence&q=machine+learning&ref=homepage,0
https://developer.mozilla.org/blog/article?id=628924&year=2026,0
http://49.73.245.55/login/confirm?session=inzsqcl9iupk,1
http://2mpopv1.top/suspended?account=985242&verify=true&session=tjbf9rqu2zyf0lxd,1
http://rsfimv8.support/verify?account=618953&verify=true&session=1lu9zjzpu1bcylvw,1
http://7wkjhfx.biz/login?account=766344&verify=true&session=92f9ruknxrl163qr,1
https://learn.reddit.com/documentation/getting-started?page=3&q=cybersecurity&year=2026,0
https://arxiv.org/user/profile?q=artificial+intelligence,0
http://apple%2Dpassword.site/auth%2Flogin%3Fid%3D786594,1
http://mrwkic.google-urgent.online/account/login,1
https://stackoverflow.com/projects/example/issues/123?sort=newest,0
https://help.apple.com/video/technology,0
http://f66v1zqncg.ml/downloads/invoice_update.exe,1
http://apple-support.cc/account/security/verification/login/confirm,1
http://wellsfargo-support.biz/account/security/verification/login/confirm,1
http://gje75cyva1.ml/downloads/invoice_update.js,1
https://npmjs.com/help/article?q=python+tutorial&category=technology,0
http://r7gk6mh9.click/redirect?url=http%3A%2F%2Famazon%2Ecom%2Flogin,1
http://google-support.support/account/security/verification/login/confirm,1
https://wikipedia.org/search/results?q=computer+science&utm_medium=search,0
http://kvng1r8l.top/redirect?url=http%3A%2F%2Fbankofamerica%2Ecom%2Flogin,1
https://mozilla.org/docs/python/tutorial?category=technology&page=2,0
http://netflix-unlock-secure.online/login,1
https://stackoverflow.com/community/discussion,0
http://verify-wellsfargo-account.online/verify?user=103708,1
http://fedex-support.top/account/security/verification/login/confirm,1
http://verify-paypal-account.xyz/verify?user=484816,1
https://cloudflare.com/products/software?page=3,0
https://medium.com/questions/12345/example,0
https://medium.com/questions?page=3&utm_source=google,0
https://accounts.wikipedia.org/wiki/Artificial_intelligence?q=machine+learning&q=cybersecurity&year=2026,0
https://accounts.stackoverflow.com/search?category=technology&q=cybersecurity,0
http://secure-instagram-billing.ml/payment/update?account=838986,1
http://dsdrpe.linkedin-urgent.site/account/login,1
https://nytimes.com/wiki/Artificial_intelligence?q=computer+science,0
http://icloud%2Durgent.cc/auth%2Flogin%3Fid%3D265582,1
http://verify-bankofamerica-account.cc/verify?user=377371,1
http://secure-wellsfargo-billing.support/payment/update?account=114673,1
http://f0llcz.chase-verification.ga/account/login,1
https://blog.linkedin.com/products/software?sort=newest,0
https://help.stackoverflow.com/wiki/Artificial_intelligence?q=python+tutorial&sort=newest&utm_medium=search,0
http://29.50.223.120/login/security?session=wsk7nky5bgfz,1
https://reddit.com/news/technology,0
http://t2nh8fwy.biz/redirect?url=http%3A%2F%2Fapple%2Ecom%2Flogin,1
https://developer.stackoverflow.com/help/article?utm_source=google&year=2026,0
https://support.amazon.com/questions/12345/example?category=technology&q=computer+science,0
https://docs.npmjs.com/topics/python,0
http://secure-icloud-billing.cc/payment/update?account=532358,1
https://linkedin.com/docs/python/tutorial,0
https://arxiv.org/search/results?q=machine+learning&topic=security,0
http://icloud-support.site/account/security/verification/login/confirm,1
https://help.wikipedia.org/wiki/Computer_security,0
https://youtube.com/video/technology?q=cybersecurity&category=technology,0
https://youtube.com/products/software?q=artificial+intelligence&sort=popular,0
http://idzb1g.icloud-payment.ml/account/login,1
http://219.22.235.8/login/restore?session=f8ks35d3xg7z,1
http://5ykxp6d00t.live/downloads/invoice_update.scr,1
http://gs90pic6ub.biz/downloads/invoice_update.rar,1
https://apple.com/video/technology,0
http://microsoft%2Dverification.cc/auth%2Flogin%3Fid%3D651919,1
http://secure-wellsfargo-billing.xyz/payment/update?account=656857,1
http://kiiof236.info/redirect?url=http%3A%2F%2Fapple%2Ecom%2Flogin,1
https://npmjs.com/download?year=2026&q=cybersecurity&utm_source=google,0
https://support.linkedin.com/news/technology?page=3&q=computer+science,0
https://google.com/projects/example/issues/123?id=102866&language=en,0
https://apple.com/watch?sort=newest,0
https://apple.com/documentation/getting-started?sort=newest&utm_medium=search,0
https://developer.npmjs.com/topics/python?q=artificial+intelligence&q=cybersecurity&sort=popular,0
https://news.npmjs.com/video/technology?sort=popular&page=2,0
http://verify-icloud-account.support/verify?user=251024,1
http://13xa21.apple-wallet.info/account/login,1
https://developer.google.com/docs/python/tutorial,0
https://github.com/questions?user=949914,0
http://putbhs.wellsfargo-urgent.tk/account/login,1
https://blog.developer.mozilla.org/watch?sort=popular,0
https://blog.medium.com/download,0
https://help.wikipedia.org/community/discussion,0
https://docs.python.org/blog/technology?sort=newest,0
https://medium.com/repositories/example?sort=newest,0
https://blog.python.org/questions/12345/example,0
https://youtube.com/help/article?category=technology,0
http://xca53cd.online/signin?account=768291&verify=true&session=mh2jgeox6asmnphx,1
https://news.cloudflare.com/news/technology,0
http://verify-bankofamerica-account.cc/verify?user=30054,1
https://youtube.com/news/technology?language=en,0
http://fedex-wallet-secure.support/login,1
https://microsoft.com/users/12345,0
http://amazon-support.live/account/security/verification/login/confirm,1
https://accounts.wikipedia.org/help/article?id=88556&q=computer+science&q=artificial+intelligence,0
https://support.npmjs.com/users/12345,0
http://opwj8275.biz/redirect?url=http%3A%2F%2Ficloud%2Ecom%2Flogin,1
http://amazon-secure-secure.click/login,1
http://instagram%2Dinvoice.online/auth%2Flogin%3Fid%3D263671,1
https://docs.google.com/projects/example/issues/123,0
http://apple%2Dverification.xyz/auth%2Flogin%3Fid%3D901738,1
http://secure-icloud-billing.site/payment/update?account=631011,1
http://dvdrhh3.online/authenticate?account=689830&verify=true&session=421mgs02cyd93r0e,1
http://e5xrcgyp2c.cc/downloads/invoice_update.zip,1
http://60.176.54.193/login/account?session=maermd3tk5to,1
http://secure-instagram-billing.biz/payment/update?account=265681,1
http://r8guarod.live/redirect?url=http%3A%2F%2Fwellsfargo%2Ecom%2Flogin,1
https://apple.com/community/discussion?utm_source=google,0
http://vfys1nnp.live/redirect?url=http%3A%2F%2Fpaypal%2Ecom%2Flogin,1
http://facebook-authenticate-secure.site/login,1
https://npmjs.com/docs/python/tutorial?q=computer+science&ref=homepage&category=technology,0
https://developer.developer.mozilla.org/documentation/getting-started,0
http://netflix-support.xyz/account/security/verification/login/confirm,1
http://verify-dhl-account.top/verify?user=336322,1
http://2.248.161.59/login/authenticate?session=9th9ujaeoylz,1
http://133.178.50.161/login/suspended?session=vjpr1zuje5s1,1
https://www.wikipedia.org/questions,0
http://irr5k3u.ga/verification?account=603611&verify=true&session=frt7tbatyv8qzpjs,1
https://blog.npmjs.com/community/discussion,0
https://docs.apple.com/account/settings,0
https://reddit.com/repositories/example,0
http://verify-fedex-account.tk/verify?user=667525,1
https://help.python.org/products/software?category=technology&page=2,0
http://linkedin%2Dsuspended.ga/auth%2Flogin%3Fid%3D72921,1
https://youtube.com/video/technology?q=artificial+intelligence&topic=security&sort=newest,0
http://verify-chase-account.info/verify?user=48862,1
http://8s12d64.ga/restore?account=959378&verify=true&session=bh74k0cbhn1xhdor,1
http://secure-microsoft-billing.top/payment/update?account=511323,1
http://kvuor1a2.cc/redirect?url=http%3A%2F%2Finstagram%2Ecom%2Flogin,1
https://github.com/docs/python/tutorial?q=machine+learning&category=technology&sort=newest,0
http://secure-dhl-billing.online/payment/update?account=198006,1
https://apple.com/watch?page=2,0
https://docs.python.org/questions,0
http://217.15.207.87/login/billing?session=85ss879mkp3v,1
http://secure-google-billing.support/payment/update?account=50525,1
https://accounts.python.org/questions,0
https://reddit.com/search?q=cybersecurity,0
http://175.191.45.100/login/urgent?session=ycokp4bgqbwd,1
http://secure-fedex-billing.ml/payment/update?account=884374,1
https://accounts.ubuntu.com/repositories/example?q=machine+learning&category=technology,0
http://zzoraqg.tk/secure?account=654133&verify=true&session=2qq31vlitzz7vh0l,1
http://apple-support.biz/account/security/verification/login/confirm,1
https://arxiv.org/repositories/example,0
http://omdluw65.tk/redirect?url=http%3A%2F%2Ffedex%2Ecom%2Flogin,1
https://github.com/repositories/example?q=artificial+intelligence&utm_medium=search&id=303418,0
http://5rxlxsh.info/signin?account=133320&verify=true&session=n62jsp44cb5dsvxs,1
https://python.org/articles/cybersecurity?q=computer+science&page=3&language=en,0
https://accounts.github.com/download,0
http://secure-netflix-billing.live/payment/update?account=123229,1
https://blog.nytimes.com/docs/python/tutorial?q=artificial+intelligence&sort=newest,0
http://dhl-verification-secure.tk/login,1
http://verify-microsoft-account.cc/verify?user=796993,1
https://ubuntu.com/news/technology,0
https://blog.amazon.com/watch?utm_source=google&page=3,0
https://stackoverflow.com/help/article?sort=newest,0
http://zmdmpu.netflix-payment.click/account/login,1
https://cloudflare.com/documentation/getting-started?ref=homepage&q=python+tutorial&language=en,0
https://ubuntu.com/user/profile,0
http://secure-apple-billing.cc/payment/update?account=193750,1
https://docs.npmjs.com/questions/12345/example,0
http://facebook-invoice-secure.cc/login,1
http://amazon%2Dauthenticate.online/auth%2Flogin%3Fid%3D308771,1
http://grrx01e0.info/redirect?url=http%3A%2F%2Finstagram%2Ecom%2Flogin,1
http://instagram%2Dsecurity.online/auth%2Flogin%3Fid%3D443347,1
http://183.236.105.103/login/signin?session=ev75nyzi2fnw,1
http://rmb199h.info/invoice?account=828154&verify=true&session=gyrcmtn67e65n942,1
https://arxiv.org/wiki/Computer_security,0
https://reddit.com/questions/12345/example?q=python+tutorial&user=542358,0
http://qx1b5eq74z.xyz/downloads/invoice_update.bat,1
https://medium.com/wiki/Artificial_intelligence?id=614762&sort=popular&page=2,0
http://amazon%2Dunlock.ml/auth%2Flogin%3Fid%3D902281,1
https://nytimes.com/news/technology,0
http://verify-fedex-account.click/verify?user=92100,1
https://learn.amazon.com/wiki/Artificial_intelligence?sort=popular,0
http://verify-netflix-account.cc/verify?user=773655,1
https://arxiv.org/wiki/Computer_security,0
http://84.42.47.147/login/secure?session=7wbv0xgpou9u,1
http://verify-dhl-account.ml/verify?user=887440,1
http://tfw15he3.xyz/redirect?url=http%3A%2F%2Fapple%2Ecom%2Flogin,1
https://mozilla.org/users/12345?utm_source=google,0
http://amazon%2Dbilling.support/auth%2Flogin%3Fid%3D961694,1
https://youtube.com/users/12345,0
https://accounts.stackoverflow.com/blog/article?utm_source=google&q=machine+learning&q=cybersecurity,0
https://arxiv.org/video/technology,0
http://60.119.155.170/login/urgent?session=0vxkog4bnoxp,1
https://blog.python.org/search?q=python+tutorial&page=3,0
http://verify-microsoft-account.click/verify?user=784157,1
http://secure-facebook-billing.site/payment/update?account=355871,1
https://youtube.com/download?q=computer+science,0
https://blog.ubuntu.com/video/technology,0
http://google%2Durgent.ml/auth%2Flogin%3Fid%3D4767,1
http://secure-amazon-billing.top/payment/update?account=191102,1
http://ka87grpe.ga/redirect?url=http%3A%2F%2Fchase%2Ecom%2Flogin,1
http://netflix%2Drestore.biz/auth%2Flogin%3Fid%3D120130,1
https://support.cloudflare.com/blog/article,0
http://xyq48o.instagram-account.biz/account/login,1
https://developer.mozilla.org/community/discussion,0
http://verify-microsoft-account.ml/verify?user=557520,1
https://support.stackoverflow.com/account/settings?sort=newest,0
http://30zy9jbxix.info/downloads/invoice_update.exe,1
https://wikipedia.org/watch,0
https://linkedin.com/watch?q=computer+science&page=2,0
http://bankofamerica-support.xyz/account/security/verification/login/confirm,1
http://jptxiru2.online/redirect?url=http%3A%2F%2Ffacebook%2Ecom%2Flogin,1
https://help.google.com/questions,0
http://secure-icloud-billing.support/payment/update?account=596905,1
https://cloudflare.com/download?utm_source=google,0
http://y9f1cwf.cc/billing?account=612333&verify=true&session=g4akrlp1p2qn3p8c,1
http://chase-support.ga/account/security/verification/login/confirm,1
http://google-login-secure.online/login,1
http://bankofamerica%2Dpayment.xyz/auth%2Flogin%3Fid%3D454484,1
https://stackoverflow.com/user/profile?page=2&q=cybersecurity&id=837433,0
http://k84wz59.tk/restore?account=131751&verify=true&session=ndi0uyr34gfv79ie,1
https://learn.developer.mozilla.org/questions,0
http://55.60.82.43/login/unlock?session=louq9c2as2nh,1
https://docs.mozilla.org/documentation/getting-started,0
http://verify-amazon-account.biz/verify?user=986872,1
https://news.youtube.com/topics/python,0
https://cloudflare.com/projects/example/issues/123?page=3&user=911013,0
http://dhl-support.support/account/security/verification/login/confirm,1
https://ubuntu.com/news/technology,0
https://developer.mozilla.org/blog/article,0
https://ubuntu.com/user/profile,0
https://accounts.linkedin.com/user/profile?id=237450&category=technology,0
https://support.nytimes.com/repositories/example?ref=homepage&topic=security,0
http://181.216.34.184/login/unlock?session=wxk7ur3u41n5,1
http://64.207.189.41/login/payment?session=s2rz1uovn90i,1
https://docs.python.org/projects/example/issues/123,0
https://medium.com/account/settings?utm_source=google&ref=homepage&user=509069,0
http://gxkc43g.ga/login?account=760725&verify=true&session=d4sdsoo19x2y2js0,1
http://qq72aop.online/payment?account=639015&verify=true&session=gozsflzteaybok12,1
http://shm3l34y7x.support/downloads/invoice_update.zip,1
http://icloud-secure-secure.click/login,1
http://secure-netflix-billing.click/payment/update?account=178100,1
http://e4qfa0z.tk/account?account=627116&verify=true&session=utud8w4amqahf5zf,1
http://secure-fedex-billing.click/payment/update?account=166225,1
http://verify-amazon-account.support/verify?user=763129,1
http://secure-bankofamerica-billing.live/payment/update?account=135631,1
http://secure-dhl-billing.biz/payment/update?account=843623,1
http://0rfpzf0.info/payment?account=899753&verify=true&session=w20wi6kiygurbit9,1
https://blog.linkedin.com/search/results,0
https://npmjs.com/video/technology?language=en&q=machine+learning,0
http://7144c1.apple-confirm.info/account/login,1
http://verify-paypal-account.site/verify?user=863596,1
http://qlafkkpr.support/redirect?url=http%3A%2F%2Finstagram%2Ecom%2Flogin,1
https://learn.google.com/user/profile?q=artificial+intelligence,0
https://help.cloudflare.com/documentation/getting-started?topic=security,0
https://blog.ubuntu.com/users/12345?q=artificial+intelligence,0
http://dhl-support.biz/account/security/verification/login/confirm,1
http://verify-chase-account.top/verify?user=360010,1
https://learn.reddit.com/blog/article,0
https://docs.python.org/docs/python/tutorial,0
http://108.178.228.222/login/security?session=7m2exgdsgpz5,1
https://apple.com/user/profile?utm_source=google,0
http://4lybnl0.site/login?account=673716&verify=true&session=wugoi40f3t9birww,1
https://medium.com/video/technology?sort=popular&topic=security,0
https://docs.nytimes.com/community/discussion?sort=popular&page=3&page=2,0
http://n0iv9urjg6.site/downloads/invoice_update.vbs,1
https://mozilla.org/documentation/getting-started?ref=homepage,0
http://211.254.49.210/login/invoice?session=8mshdda1yu8s,1
https://microsoft.com/docs/python/tutorial?topic=security&sort=popular&sort=newest,0
https://learn.linkedin.com/blog/article,0
http://netflix-support.click/account/security/verification/login/confirm,1
https://google.com/search/results,0
http://17phrzxabo.xyz/downloads/invoice_update.scr,1
https://amazon.com/repositories/example?q=cybersecurity&q=machine+learning,0
http://fedex-support.ml/account/security/verification/login/confirm,1
https://cloudflare.com/articles/cybersecurity?sort=popular&utm_source=google&sort=newest,0
https://learn.ubuntu.com/topics/python?language=en,0
http://dhl-confirm-secure.top/login,1
http://apple%2Durgent.support/auth%2Flogin%3Fid%3D67979,1
http://776f46.wellsfargo-restore.biz/account/login,1
http://secure-dhl-billing.tk/payment/update?account=84124,1
http://google%2Durgent.info/auth%2Flogin%3Fid%3D504779,1
https://medium.com/topics/python,0
https://amazon.com/topics/python?topic=security&q=machine+learning&q=artificial+intelligence,0
http://netflix-support.top/account/security/verification/login/confirm,1
https://wikipedia.org/questions/12345/example?topic=security&page=3&q=computer+science,0
https://medium.com/user/profile?q=cybersecurity&topic=security&q=computer+science,0
https://mozilla.org/blog/article?page=3&id=248582,0
https://blog.apple.com/topics/python?page=3&id=8096&q=artificial+intelligence,0
http://fedex-account-secure.tk/login,1
https://help.npmjs.com/help/article,0
http://24.167.2.6/login/secure?session=simf8icy7idt,1
https://docs.npmjs.com/user/profile?user=265178&q=artificial+intelligence&page=2,0
http://verify-fedex-account.biz/verify?user=532527,1
https://blog.ubuntu.com/documentation/getting-started?page=3&utm_source=google,0
http://4rlnnuq.info/suspended?account=228565&verify=true&session=o3mi27n0lfwhcaiy,1
http://78jui0dh7x.info/downloads/invoice_update.cmd,1
http://apple%2Durgent.support/auth%2Flogin%3Fid%3D541123,1
http://netflix%2Dauthenticate.ml/auth%2Flogin%3Fid%3D726030,1
http://secure-google-billing.live/payment/update?account=255010,1
https://google.com/articles/cybersecurity?utm_source=google,0
http://155.239.153.68/login/wallet?session=b66d15c694ck,1
http://n8qhxw.linkedin-account.support/account/login,1
https://apple.com/wiki/Artificial_intelligence?q=python+tutorial&user=210174,0
https://npmjs.com/blog/article?category=technology&topic=security,0
https://developer.github.com/topics/python,0
http://secure-bankofamerica-billing.cc/payment/update?account=123451,1
https://help.linkedin.com/questions?year=2026,0
https://developer.github.com/questions/12345/example?page=2&user=236545,0
https://learn.apple.com/wiki/Computer_security,0
http://1l3hqf.paypal-account.live/account/login,1
https://blog.docs.python.org/wiki/Computer_security,0
http://qxe7or.microsoft-login.info/account/login,1
https://help.medium.com/projects/example/issues/123?q=machine+learning&q=cybersecurity,0
http://s9ar51b.site/update?account=466495&verify=true&session=80iouea40uee4c9w,1
https://www.ubuntu.com/users/12345?category=technology&id=729866&q=computer+science,0
http://151.208.250.123/login/signin?session=cuqz2mpezqav,1
http://192.29.88.72/login/unlock?session=xndflo9q5kpb,1
http://dc2n76.bankofamerica-invoice.xyz/account/login,1
http://c9ii4bzcyt.live/downloads/invoice_update.php,1
http://8zoqwq.dhl-update.support/account/login,1
https://support.nytimes.com/community/discussion?language=en&user=901204&category=technology,0
http://ja57dq5.support/account?account=43040&verify=true&session=46p2755vkm1myg7t,1
https://developer.apple.com/repositories/example?ref=homepage&q=machine+learning,0
http://verify-microsoft-account.top/verify?user=28178,1
http://secure-fedex-billing.site/payment/update?account=657940,1
https://docs.arxiv.org/products/software?id=530694&user=540165,0
http://instagram-urgent-secure.tk/login,1
https://medium.com/questions/12345/example?category=technology&page=2&page=3,0
https://accounts.youtube.com/account/settings?category=technology&q=computer+science,0
http://microsoft%2Dpassword.live/auth%2Flogin%3Fid%3D307102,1
https://blog.python.org/search/results,0
http://icloud%2Dwallet.tk/auth%2Flogin%3Fid%3D998978,1
http://microsoft-verify-secure.online/login,1
https://amazon.com/wiki/Artificial_intelligence?q=computer+science&utm_source=google&page=3,0
https://google.com/topics/python?page=2&q=python+tutorial,0
https://developer.developer.mozilla.org/download?q=cybersecurity&user=931577&page=3,0
https://help.linkedin.com/questions?utm_source=google&language=en&user=229182,0
http://amazon-support.live/account/security/verification/login/confirm,1
http://03wte8jp18.xyz/downloads/invoice_update.bat,1
http://apple%2Dsecure.click/auth%2Flogin%3Fid%3D851083,1
http://apple-verify-secure.xyz/login,1
http://verify-fedex-account.info/verify?user=126777,1
https://developer.linkedin.com/repositories/example?ref=homepage&language=en&utm_medium=search,0
https://reddit.com/wiki/Artificial_intelligence?q=python+tutorial&q=computer+science,0
http://secure-paypal-billing.xyz/payment/update?account=779464,1
https://github.com/products/software,0
http://m74mn3cm.cc/redirect?url=http%3A%2F%2Fgoogle%2Ecom%2Flogin,1
https://docs.mozilla.org/news/technology,0
http://instagram-support.support/account/security/verification/login/confirm,1
http://netflix-billing-secure.ml/login,1
http://chase-account-secure.cc/login,1
http://tgfzcuo.cc/authenticate?account=639819&verify=true&session=byqc5aotivh2dh9e,1
https://npmjs.com/blog/technology?id=462859&q=computer+science,0
https://medium.com/repositories/example?utm_source=google,0
https://google.com/news/technology?topic=security,0
http://secure-apple-billing.online/payment/update?account=876698,1
http://bankofamerica-support.tk/account/security/verification/login/confirm,1
https://mozilla.org/questions/12345/example?category=technology,0
http://tt421f.microsoft-invoice.support/account/login,1
https://cloudflare.com/user/profile?sort=newest&q=computer+science&sort=popular,0
http://secure-dhl-billing.biz/payment/update?account=157939,1
http://7kqud7hq.ga/redirect?url=http%3A%2F%2Ffacebook%2Ecom%2Flogin,1
https://support.medium.com/repositories/example,0
http://fedex-unlock-secure.live/login,1
http://icloud%2Durgent.live/auth%2Flogin%3Fid%3D493911,1
http://secure-fedex-billing.info/payment/update?account=444843,1
https://github.com/search?ref=homepage&utm_source=google,0
https://blog.github.com/search/results?language=en,0
http://instagram-support.click/account/security/verification/login/confirm,1
http://fedex%2Dauthenticate.online/auth%2Flogin%3Fid%3D506081,1
http://gxnlck.icloud-restore.cc/account/login,1
http://6ms9ow91k0.biz/downloads/invoice_update.bat,1
https://youtube.com/products/software?q=python+tutorial&category=technology&id=501811,0
http://secure-bankofamerica-billing.cc/payment/update?account=762197,1
http://secure-wellsfargo-billing.click/payment/update?account=735447,1
http://dhl-restore-secure.biz/login,1
http://aiuzpr.amazon-authenticate.support/account/login,1
https://support.github.com/topics/python?q=machine+learning,0
http://84.59.34.231/login/update?session=379l9bvcpqvx,1
http://m7agbel.click/login?account=898127&verify=true&session=sw3g8fx9dyfshmzx,1
https://cloudflare.com/docs/python/tutorial?page=3&topic=security,0
http://paypal-support.support/account/security/verification/login/confirm,1
https://linkedin.com/blog/technology?id=211418&q=cybersecurity&ref=homepage,0
http://i7f2e7.wellsfargo-account.online/account/login,1
https://google.com/products/software,0
https://blog.stackoverflow.com/blog/technology?topic=security,0
http://secure-amazon-billing.biz/payment/update?account=34797,1
http://verify-bankofamerica-account.online/verify?user=549454,1
http://mjqxfn.linkedin-confirm.site/account/login,1
http://lcdsjf612q.online/downloads/invoice_update.cmd,1
https://learn.medium.com/blog/technology?q=computer+science,0
https://linkedin.com/blog/article?q=python+tutorial,0
http://79.115.172.174/login/invoice?session=s66le77r08bz,1
https://learn.medium.com/documentation/getting-started,0
https://help.wikipedia.org/blog/technology,0
http://secure-dhl-billing.cc/payment/update?account=555091,1
https://youtube.com/community/discussion?id=608727&q=machine+learning,0
http://dhl-support.site/account/security/verification/login/confirm,1
http://b2oljz.instagram-security.click/account/login,1
https://youtube.com/docs/python/tutorial,0
https://learn.amazon.com/search/results?utm_medium=search&q=artificial+intelligence&q=python+tutorial,0
https://ubuntu.com/blog/article,0
https://npmjs.com/repositories/example?category=technology,0
http://secure-facebook-billing.site/payment/update?account=454192,1
https://help.nytimes.com/wiki/Artificial_intelligence?year=2026&utm_source=google&user=721013,0
http://verify-instagram-account.online/verify?user=355019,1
http://9qjdnume1d.biz/downloads/invoice_update.zip,1
http://fedex%2Dpassword.click/auth%2Flogin%3Fid%3D675221,1
http://0u8fwn78xk.live/downloads/invoice_update.bat,1
http://sfj3b0.fedex-urgent.support/account/login,1
https://youtube.com/wiki/Artificial_intelligence?sort=popular,0
http://fedex-login-secure.xyz/login,1
https://developer.mozilla.org/download?sort=popular&topic=security&category=technology,0
https://amazon.com/community/discussion,0
http://chase-support.live/account/security/verification/login/confirm,1
https://developer.npmjs.com/user/profile?q=machine+learning&sort=newest&sort=popular,0
https://medium.com/documentation/getting-started,0
https://ubuntu.com/watch?q=machine+learning&topic=security,0
http://bffq5t3vr5.info/downloads/invoice_update.bat,1
https://apple.com/blog/article?id=975875,0
http://48.95.243.231/login/restore?session=10nl5drinn9g,1
http://yu9scj.google-urgent.support/account/login,1
http://2fa0l8oorw.biz/downloads/invoice_update.bat,1
http://secure-netflix-billing.cc/payment/update?account=752501,1
https://learn.github.com/blog/technology?language=en&id=777383,0
http://icloud%2Dinvoice.support/auth%2Flogin%3Fid%3D426238,1
https://amazon.com/download?q=cybersecurity&sort=popular,0
http://198.119.237.24/login/restore?session=3a81tqkzskbn,1
http://amazon-support.ml/account/security/verification/login/confirm,1
https://docs.youtube.com/products/software,0
https://news.stackoverflow.com/video/technology?q=machine+learning,0
https://docs.docs.python.org/blog/technology?ref=homepage&sort=newest,0
https://microsoft.com/articles/cybersecurity,0
http://linkedin-secure-secure.cc/login,1
https://blog.linkedin.com/wiki/Artificial_intelligence?user=888938,0
https://python.org/blog/article,0
http://32.216.218.157/login/secure?session=y94tapnaqxrq,1
http://secure-wellsfargo-billing.ga/payment/update?account=26239,1
http://125.138.27.252/login/verify?session=yen605t7u56p,1
https://arxiv.org/wiki/Artificial_intelligence?sort=popular&year=2026,0
http://7wms0xv4ii.info/downloads/invoice_update.zip,1
https://stackoverflow.com/wiki/Computer_security?year=2026,0
https://linkedin.com/documentation/getting-started?year=2026&id=768324&q=artificial+intelligence,0
https://amazon.com/user/profile,0
http://verify-icloud-account.click/verify?user=475314,1
http://9db8lr8qw7.support/downloads/invoice_update.rar,1
https://learn.cloudflare.com/account/settings?page=3&user=40807&category=technology,0
https://support.apple.com/documentation/getting-started?utm_source=google&page=3&user=741529,0
https://developer.mozilla.org/topics/python,0
http://32.164.188.145/login/payment?session=z5b5h1qq9grt,1
http://95.138.142.216/login/billing?session=j467w86hla1y,1
https://medium.com/watch?sort=popular,0
http://33wzg8o.ml/verify?account=139432&verify=true&session=ebkf0e4tyck7nhbq,1
https://microsoft.com/help/article?q=machine+learning&q=python+tutorial&ref=homepage,0
http://apple-support.site/account/security/verification/login/confirm,1
http://linkedin%2Dsuspended.support/auth%2Flogin%3Fid%3D456491,1
https://google.com/search,0
https://help.reddit.com/questions?q=computer+science&sort=popular&q=python+tutorial,0
http://k01kvc.amazon-invoice.biz/account/login,1
https://blog.amazon.com/download?q=cybersecurity,0
http://nra1e4.linkedin-restore.xyz/account/login,1
http://wellsfargo-support.cc/account/security/verification/login/confirm,1
http://secure-apple-billing.info/payment/update?account=145205,1
https://cloudflare.com/projects/example/issues/123?utm_source=google&user=360971,0
http://facebook%2Dpayment.tk/auth%2Flogin%3Fid%3D567739,1
http://177.236.30.8/login/billing?session=5gu7ab5erd90,1
http://secure-google-billing.support/payment/update?account=428854,1
https://docs.ubuntu.com/articles/cybersecurity?year=2026&page=2,0
https://stackoverflow.com/projects/example/issues/123?topic=security,0
https://news.youtube.com/user/profile,0
https://blog.stackoverflow.com/blog/article?q=machine+learning&sort=newest&utm_source=google,0
https://developer.mozilla.org/blog/article,0
https://docs.python.org/news/technology?sort=newest&category=technology&page=3,0
http://secure-google-billing.click/payment/update?account=192377,1
https://support.docs.python.org/search/results?sort=popular&q=computer+science,0
http://66am2zf.support/update?account=996730&verify=true&session=zukl98a3spu8giuv,1
http://amazon-support.info/account/security/verification/login/confirm,1
https://docs.python.org/articles/cybersecurity?year=2026&sort=popular,0
http://chase-account-secure.info/login,1
http://a05x0bkc8a.biz/downloads/invoice_update.rar,1
https://mozilla.org/wiki/Computer_security,0
http://mem05w5k.site/redirect?url=http%3A%2F%2Fbankofamerica%2Ecom%2Flogin,1
https://mozilla.org/wiki/Computer_security?page=3&utm_medium=search,0
http://microsoft%2Dverification.ml/auth%2Flogin%3Fid%3D378390,1
https://blog.microsoft.com/help/article?q=cybersecurity&q=artificial+intelligence&ref=homepage,0
http://8req61cu.ml/redirect?url=http%3A%2F%2Ffedex%2Ecom%2Flogin,1
https://support.wikipedia.org/user/profile?ref=homepage&language=en,0
https://help.docs.python.org/search?q=computer+science&page=3&q=cybersecurity,0
https://support.stackoverflow.com/help/article,0
https://developer.google.com/search/results?q=cybersecurity,0
https://linkedin.com/video/technology?sort=popular&user=767536&id=282433,0
https://linkedin.com/projects/example/issues/123?page=2,0
https://accounts.youtube.com/questions?q=computer+science,0
https://accounts.amazon.com/wiki/Computer_security,0
http://wellsfargo-support.tk/account/security/verification/login/confirm,1
https://python.org/help/article?topic=security&q=cybersecurity,0
https://support.developer.mozilla.org/news/technology?utm_medium=search&q=machine+learning&sort=popular,0
http://verify-microsoft-account.online/verify?user=570557,1
https://developer.arxiv.org/topics/python?sort=newest&page=2&page=3,0
https://developer.mozilla.org/community/discussion?sort=popular&category=technology,0
http://instagram%2Dbilling.online/auth%2Flogin%3Fid%3D720222,1
https://npmjs.com/blog/technology,0
http://icloud-support.online/account/security/verification/login/confirm,1
https://stackoverflow.com/blog/article,0
http://t2wmtf.paypal-unlock.info/account/login,1
http://verify-netflix-account.site/verify?user=1477,1
https://blog.npmjs.com/projects/example/issues/123?ref=homepage&id=943226,0
https://wikipedia.org/projects/example/issues/123?q=computer+science&language=en,0
http://1h4gyx1w.info/redirect?url=http%3A%2F%2Fwellsfargo%2Ecom%2Flogin,1
https://news.google.com/help/article,0
http://4udqan.icloud-confirm.live/account/login,1
https://docs.python.org/topics/python?language=en&page=2&ref=homepage,0
https://learn.google.com/users/12345?page=2,0
https://apple.com/repositories/example,0
http://edumjwd.ml/invoice?account=835765&verify=true&session=153h9umzag4sobqd,1
https://medium.com/docs/python/tutorial?user=315831&ref=homepage&year=2026,0
https://npmjs.com/products/software,0
https://developer.npmjs.com/users/12345?language=en&q=python+tutorial&ref=homepage,0
http://ajwcb0rlj3.top/downloads/invoice_update.bat,1
https://www.ubuntu.com/account/settings,0
http://wellsfargo%2Dpayment.online/auth%2Flogin%3Fid%3D145962,1
https://python.org/articles/cybersecurity?page=2&id=373058&q=artificial+intelligence,0
http://43.135.116.126/login/billing?session=cmfcu0zugqeo,1
http://microsoft-support.live/account/security/verification/login/confirm,1
https://news.linkedin.com/wiki/Artificial_intelligence?sort=popular&q=artificial+intelligence&sort=newest,0
https://docs.reddit.com/blog/article,0
http://25.160.199.56/login/account?session=dpa4z7vc1tx8,1
https://stackoverflow.com/wiki/Computer_security?category=technology&topic=security&sort=popular,0
https://wikipedia.org/user/profile?q=machine+learning&q=python+tutorial,0
https://accounts.google.com/wiki/Computer_security?id=306677&q=cybersecurity,0
http://instagram%2Dlogin.tk/auth%2Flogin%3Fid%3D719001,1
http://microsoft-urgent-secure.site/login,1
https://accounts.mozilla.org/questions/12345/example,0
http://llzteq5.ml/billing?account=909364&verify=true&session=v0aae7rionv7r2tk,1
http://secure-dhl-billing.info/payment/update?account=339660,1
https://docs.linkedin.com/docs/python/tutorial?q=computer+science,0
https://news.youtube.com/questions?utm_medium=search&sort=newest,0
https://learn.cloudflare.com/account/settings?q=python+tutorial,0
https://support.microsoft.com/projects/example/issues/123?category=technology&sort=popular,0
http://secure-google-billing.ga/payment/update?account=399797,1
https://www.python.org/articles/cybersecurity?q=python+tutorial&q=artificial+intelligence,0
https://google.com/wiki/Computer_security?language=en,0
http://google-authenticate-secure.tk/login,1
https://google.com/articles/cybersecurity?q=artificial+intelligence&sort=popular&topic=security,0
http://5spzoc9rgn.info/downloads/invoice_update.bat,1
https://linkedin.com/user/profile?sort=newest&id=209651,0
http://wellsfargo-support.top/account/security/verification/login/confirm,1
http://wellsfargo-support.ml/account/security/verification/login/confirm,1
https://youtube.com/projects/example/issues/123?language=en&id=575485&utm_medium=search,0
http://instagram-support.biz/account/security/verification/login/confirm,1
https://apple.com/search,0
https://www.linkedin.com/topics/python?q=machine+learning&id=534057,0
http://paypal-support.xyz/account/security/verification/login/confirm,1
http://qrn5ihml15.tk/downloads/invoice_update.php,1
https://python.org/topics/python,0
https://docs.youtube.com/products/software?user=20902,0
http://g7xh40y.info/login?account=567601&verify=true&session=bysxwttjgx58o3k1,1
https://learn.amazon.com/wiki/Computer_security,0
http://q3b0g3b1.cc/redirect?url=http%3A%2F%2Ffacebook%2Ecom%2Flogin,1
http://amazon-secure-secure.tk/login,1
http://5c7opw.google-password.live/account/login,1
http://220.150.194.155/login/restore?session=gl9gxdgyquq0,1
http://secure-linkedin-billing.biz/payment/update?account=195845,1
https://support.youtube.com/questions/12345/example,0
http://verify-icloud-account.tk/verify?user=515366,1
https://www.stackoverflow.com/help/article?sort=newest&year=2026&topic=security,0
https://www.python.org/user/profile?sort=newest,0
https://developer.reddit.com/topics/python?ref=homepage&q=machine+learning,0
http://wellsfargo-support.support/account/security/verification/login/confirm,1
http://google-wallet-secure.online/login,1
http://mqf20l.netflix-update.live/account/login,1
http://instagram-verify-secure.xyz/login,1
http://bankofamerica%2Dinvoice.cc/auth%2Flogin%3Fid%3D286705,1
http://197.221.241.169/login/payment?session=5gv0ljard5zp,1
http://amazon%2Dconfirm.cc/auth%2Flogin%3Fid%3D65989,1
https://medium.com/topics/python,0
https://news.nytimes.com/watch?q=python+tutorial&q=cybersecurity&id=395659,0
https://help.stackoverflow.com/users/12345?q=computer+science,0
https://blog.linkedin.com/blog/article,0
https://google.com/users/12345?q=artificial+intelligence&page=3&id=176939,0
http://dlje238e.biz/redirect?url=http%3A%2F%2Ficloud%2Ecom%2Flogin,1
https://support.mozilla.org/docs/python/tutorial?q=cybersecurity&q=artificial+intelligence,0
http://k24pko8vjc.support/downloads/invoice_update.vbs,1
http://xmehwrp4.biz/redirect?url=http%3A%2F%2Fpaypal%2Ecom%2Flogin,1
https://help.developer.mozilla.org/user/profile?page=2,0
https://google.com/blog/article?page=3&user=222257&sort=newest,0
http://microsoft-support.online/account/security/verification/login/confirm,1
https://apple.com/blog/article?user=181564&q=machine+learning,0
https://developer.mozilla.org/topics/python,0
https://ubuntu.com/user/profile?category=technology&ref=homepage&q=computer+science,0
http://chase%2Dsignin.support/auth%2Flogin%3Fid%3D276115,1
http://secure-facebook-billing.tk/payment/update?account=850722,1
http://verify-google-account.xyz/verify?user=536320,1
https://support.arxiv.org/download?q=machine+learning&id=973042,0
http://verify-google-account.ga/verify?user=413561,1
https://www.nytimes.com/download?q=cybersecurity,0
https://blog.amazon.com/account/settings?q=python+tutorial&utm_medium=search&language=en,0
http://bankofamerica-account-secure.tk/login,1
https://blog.python.org/products/software?sort=popular&sort=newest,0
https://blog.amazon.com/repositories/example?topic=security&q=machine+learning&q=computer+science,0
http://chase-wallet-secure.info/login,1
http://apple-authenticate-secure.ga/login,1
https://wikipedia.org/blog/technology?year=2026,0
https://www.stackoverflow.com/download?q=python+tutorial&category=technology&year=2026,0
https://learn.mozilla.org/search?user=102698&page=3,0
https://www.reddit.com/search/results?q=artificial+intelligence&year=2026,0
http://chase-support.site/account/security/verification/login/confirm,1
http://l6epk0u.tk/billing?account=610760&verify=true&session=6rvamm5dlrbo5xnw,1
http://fedex%2Dinvoice.ml/auth%2Flogin%3Fid%3D646969,1
http://vqg7k55.support/payment?account=115682&verify=true&session=ht99gydx9be5vw5c,1
http://secure-chase-billing.online/payment/update?account=26130,1
https://wikipedia.org/video/technology?q=artificial+intelligence&topic=security,0
https://python.org/projects/example/issues/123,0
https://github.com/users/12345?ref=homepage&user=822752,0
https://arxiv.org/account/settings?user=565742&q=computer+science&id=579727,0
http://apple%2Dsecurity.xyz/auth%2Flogin%3Fid%3D403370,1
http://verify-apple-account.site/verify?user=905246,1
http://secure-apple-billing.xyz/payment/update?account=297025,1
http://a3bozy0wza.ml/downloads/invoice_update.js,1
https://help.reddit.com/wiki/Artificial_intelligence,0
https://www.medium.com/blog/technology?language=en,0
http://secure-icloud-billing.support/payment/update?account=174833,1
https://google.com/projects/example/issues/123?page=2&q=python+tutorial,0
https://developer.python.org/wiki/Artificial_intelligence?q=cybersecurity&utm_source=google,0
https://wikipedia.org/wiki/Computer_security,0
http://xspf68z.tk/billing?account=826660&verify=true&session=txr38dd4lr1nz07p,1
http://yda6mr31.support/redirect?url=http%3A%2F%2Famazon%2Ecom%2Flogin,1
http://verify-microsoft-account.top/verify?user=930378,1
https://learn.wikipedia.org/wiki/Artificial_intelligence?id=877303&sort=popular,0
http://173.147.232.104/login/invoice?session=yfwmcgzs5i7z,1
http://lcuw02u2.tk/redirect?url=http%3A%2F%2Fwellsfargo%2Ecom%2Flogin,1
https://linkedin.com/projects/example/issues/123,0
http://icloud-support.site/account/security/verification/login/confirm,1
https://developer.github.com/wiki/Computer_security,0
http://secure-wellsfargo-billing.tk/payment/update?account=222423,1
http://n2alyyp6.online/redirect?url=http%3A%2F%2Flinkedin%2Ecom%2Flogin,1
http://verify-wellsfargo-account.ml/verify?user=482554,1
http://yc1escfadg.support/downloads/invoice_update.rar,1
https://stackoverflow.com/questions,0
https://news.python.org/community/discussion?q=machine+learning&page=3,0
https://docs.github.com/blog/article?sort=popular&q=computer+science&q=artificial+intelligence,0
http://secure-fedex-billing.xyz/payment/update?account=268250,1
https://developer.youtube.com/watch,0
https://youtube.com/search?q=computer+science,0
http://1padnw6l.info/redirect?url=http%3A%2F%2Ffedex%2Ecom%2Flogin,1
http://wfibq8.wellsfargo-update.click/account/login,1
https://developer.mozilla.org/repositories/example?q=machine+learning&utm_source=google&topic=security,0
https://www.microsoft.com/repositories/example?q=artificial+intelligence&page=2,0
https://npmjs.com/blog/technology?ref=homepage&utm_source=google&category=technology,0
https://blog.google.com/download,0
https://www.python.org/user/profile?q=artificial+intelligence&q=machine+learning,0
https://accounts.npmjs.com/blog/article?page=2&utm_source=google&id=447004,0
http://netflix-support.biz/account/security/verification/login/confirm,1
https://accounts.wikipedia.org/video/technology?q=cybersecurity,0
http://amazon%2Dlogin.live/auth%2Flogin%3Fid%3D512105,1
http://nhmqdo5.cc/billing?account=517837&verify=true&session=e3an5nb0g8idasx7,1
https://apple.com/wiki/Artificial_intelligence,0
https://help.wikipedia.org/documentation/getting-started?q=python+tutorial,0
https://google.com/watch?q=computer+science&sort=newest,0
https://developer.mozilla.org/community/discussion?page=2&user=910754&year=2026,0
https://support.ubuntu.com/blog/technology,0
http://verify-wellsfargo-account.xyz/verify?user=168811,1
https://www.developer.mozilla.org/projects/example/issues/123,0
https://developer.wikipedia.org/projects/example/issues/123?q=artificial+intelligence,0
https://github.com/questions/12345/example?q=machine+learning&sort=newest,0
http://98dyttiacy.biz/downloads/invoice_update.zip,1
http://ecoqfrfme7.tk/downloads/invoice_update.bat,1
https://news.docs.python.org/products/software?id=109529,0
https://github.com/users/12345,0
https://docs.nytimes.com/wiki/Computer_security,0
http://1ukgo8ou.cc/redirect?url=http%3A%2F%2Fchase%2Ecom%2Flogin,1
http://qslcuqd.ga/invoice?account=972555&verify=true&session=xfxu04raldhz5upc,1
https://docs.python.org/docs/python/tutorial?topic=security&year=2026&language=en,0
https://google.com/search/results?q=python+tutorial&category=technology&topic=security,0
http://opb4or.instagram-account.ga/account/login,1
https://docs.youtube.com/questions/12345/example?q=artificial+intelligence,0
https://blog.amazon.com/blog/technology,0
https://www.amazon.com/topics/python?q=machine+learning,0
http://lkfhgskr.click/redirect?url=http%3A%2F%2Fbankofamerica%2Ecom%2Flogin,1
https://developer.reddit.com/blog/article,0
http://r4ap11su.ga/redirect?url=http%3A%2F%2Fdhl%2Ecom%2Flogin,1
http://secure-chase-billing.ga/payment/update?account=241374,1
http://136.117.202.183/login/verify?session=8586tlbs3v9p,1
https://github.com/community/discussion?sort=newest&user=450492,0
http://125.148.105.141/login/verification?session=5psudukhsaua,1
http://137.60.169.241/login/verification?session=ljnli3luqchs,1
http://amazon-support.info/account/security/verification/login/confirm,1
http://v8drwjl.info/wallet?account=445410&verify=true&session=216738734vsrv6q2,1
http://secure-chase-billing.ga/payment/update?account=562561,1
http://secure-instagram-billing.support/payment/update?account=137614,1
https://help.cloudflare.com/topics/python,0
https://youtube.com/projects/example/issues/123?id=822149,0
https://docs.python.org/topics/python,0
https://youtube.com/documentation/getting-started,0
http://secure-google-billing.online/payment/update?account=942912,1
http://21.47.102.175/login/secure?session=jyyggv8r9v9d,1
http://wellsfargo-billing-secure.cc/login,1
http://u0dj4zmr.top/redirect?url=http%3A%2F%2Famazon%2Ecom%2Flogin,1
https://ubuntu.com/account/settings?page=2&topic=security&q=machine+learning,0
https://blog.mozilla.org/products/software,0
https://google.com/docs/python/tutorial,0
http://instagram-support.top/account/security/verification/login/confirm,1
https://wikipedia.org/search/results,0
http://secure-icloud-billing.ga/payment/update?account=312020,1
https://learn.linkedin.com/blog/technology,0
https://arxiv.org/users/12345,0
http://verify-wellsfargo-account.info/verify?user=877650,1
https://amazon.com/repositories/example?language=en,0
http://verify-facebook-account.live/verify?user=807211,1
http://lruwop5.top/billing?account=997338&verify=true&session=xzuy40q726s1kkrs,1
https://ubuntu.com/users/12345?utm_source=google,0
http://4s813xx.top/verify?account=995699&verify=true&session=hte61r7kma67iu7z,1
http://secure-amazon-billing.tk/payment/update?account=843875,1
http://be1niu4n56.ml/downloads/invoice_update.rar,1
https://www.nytimes.com/community/discussion?ref=homepage&language=en,0
https://docs.google.com/watch?sort=popular&q=python+tutorial&category=technology,0
https://www.google.com/docs/python/tutorial,0
https://blog.apple.com/projects/example/issues/123?language=en,0
http://ohv7dgyqj6.tk/downloads/invoice_update.rar,1
http://j5qn31o6.top/redirect?url=http%3A%2F%2Ffacebook%2Ecom%2Flogin,1
https://github.com/watch?category=technology,0
http://rea5hh0h.xyz/redirect?url=http%3A%2F%2Fdhl%2Ecom%2Flogin,1
http://ds43iqzr4j.support/downloads/invoice_update.js,1
https://google.com/watch,0
http://icloud-unlock-secure.info/login,1
https://docs.developer.mozilla.org/questions/12345/example?utm_source=google&q=artificial+intelligence&q=cybersecurity,0
http://verify-facebook-account.ml/verify?user=607115,1
https://support.mozilla.org/community/discussion,0
http://secure-netflix-billing.live/payment/update?account=715023,1
https://wikipedia.org/projects/example/issues/123,0
http://paypal-suspended-secure.live/login,1
https://youtube.com/documentation/getting-started?utm_medium=search,0
https://stackoverflow.com/watch,0
https://blog.google.com/user/profile,0
https://developer.npmjs.com/account/settings,0
https://docs.python.org/docs/python/tutorial?ref=homepage,0
https://accounts.npmjs.com/news/technology?q=machine+learning&language=en,0
http://google%2Dlogin.info/auth%2Flogin%3Fid%3D32246,1
http://verify-wellsfargo-account.ga/verify?user=583430,1
https://google.com/documentation/getting-started,0
http://dhl-support.top/account/security/verification/login/confirm,1
https://blog.npmjs.com/products/software?utm_source=google&topic=security&category=technology,0
http://8lwzkt.google-update.live/account/login,1
http://paypal-support.live/account/security/verification/login/confirm,1
http://netflix-payment-secure.click/login,1
http://awb7j4m0fu.ga/downloads/invoice_update.bat,1
http://kqhks6txt0.top/downloads/invoice_update.scr,1
https://developer.ubuntu.com/help/article?sort=popular,0
https://docs.cloudflare.com/news/technology,0
http://bankofamerica-support.site/account/security/verification/login/confirm,1
https://news.docs.python.org/docs/python/tutorial?language=en&q=python+tutorial,0
https://www.youtube.com/user/profile?q=artificial+intelligence,0
http://icloud%2Drestore.click/auth%2Flogin%3Fid%3D675837,1
http://dhl%2Dwallet.support/auth%2Flogin%3Fid%3D584642,1
http://dhl-signin-secure.top/login,1
https://www.medium.com/wiki/Computer_security?utm_medium=search&utm_source=google,0
https://help.apple.com/documentation/getting-started?category=technology&q=computer+science,0
http://khyowd.wellsfargo-update.click/account/login,1
https://apple.com/topics/python,0
http://0jmdyh.bankofamerica-login.ml/account/login,1
https://support.wikipedia.org/users/12345?topic=security&q=artificial+intelligence&sort=popular,0
https://www.youtube.com/docs/python/tutorial?topic=security,0
http://amazon-support.ga/account/security/verification/login/confirm,1
https://learn.stackoverflow.com/wiki/Computer_security?category=technology&utm_medium=search,0
https://www.microsoft.com/blog/technology?q=artificial+intelligence,0
https://www.medium.com/download,0
http://chase-support.tk/account/security/verification/login/confirm,1
http://luz24tzp.cc/redirect?url=http%3A%2F%2Fpaypal%2Ecom%2Flogin,1
https://learn.mozilla.org/video/technology,0
http://yojodt55.live/redirect?url=http%3A%2F%2Fchase%2Ecom%2Flogin,1
https://docs.python.org/questions?q=python+tutorial&q=cybersecurity&utm_medium=search,0
https://reddit.com/watch?user=266735,0
https://python.org/repositories/example?q=cybersecurity&ref=homepage,0
http://33d1fj6.support/login?account=525417&verify=true&session=3j8tjz7di6jzeyqh,1
http://paypal%2Dauthenticate.ml/auth%2Flogin%3Fid%3D678464,1
http://208.36.190.242/login/wallet?session=qlmazcdlmdl6,1
https://apple.com/documentation/getting-started?year=2026,0
https://reddit.com/blog/article,0
https://developer.docs.python.org/account/settings,0
https://medium.com/products/software?page=3,0
http://6cakqsm.ga/restore?account=838185&verify=true&session=inzlkhzcyy9w3qz4,1
http://89.65.191.248/login/login?session=wnpjkj2om7la,1
https://apple.com/repositories/example?q=cybersecurity&q=artificial+intelligence&page=2,0
https://www.linkedin.com/search,0
https://mozilla.org/questions?utm_medium=search&page=2,0
https://wikipedia.org/video/technology?page=3,0
http://fedex-support.biz/account/security/verification/login/confirm,1
https://blog.wikipedia.org/projects/example/issues/123,0
https://mozilla.org/users/12345,0
https://apple.com/products/software?utm_medium=search,0
http://paypal-support.ml/account/security/verification/login/confirm,1
https://learn.microsoft.com/search/results,0
http://l4y19oq.online/suspended?account=333037&verify=true&session=exdkui7xt1gpa83m,1
https://support.amazon.com/search?id=71499&q=machine+learning&q=computer+science,0
http://n2vov7.dhl-confirm.tk/account/login,1
https://docs.developer.mozilla.org/docs/python/tutorial?topic=security,0
https://news.wikipedia.org/video/technology?sort=popular&page=2&q=machine+learning,0
https://arxiv.org/questions,0
http://edvd7dx.live/signin?account=324500&verify=true&session=fq23tr4oxnwjt27s,1
http://9gs3gly01g.live/downloads/invoice_update.zip,1
http://verify-dhl-account.site/verify?user=565231,1
https://youtube.com/blog/technology?q=artificial+intelligence&category=technology&id=776959,0
http://74hkr4l.support/wallet?account=397367&verify=true&session=uv3emzs04qxgtuo2,1
https://support.google.com/users/12345?topic=security&q=cybersecurity,0
https://learn.linkedin.com/projects/example/issues/123?topic=security&page=3&sort=newest,0
https://support.github.com/topics/python,0
https://developer.google.com/account/settings?topic=security&q=computer+science,0
https://help.cloudflare.com/topics/python?topic=security&page=2,0
https://python.org/blog/technology?language=en&id=164459&q=cybersecurity,0
https://blog.apple.com/blog/technology?utm_source=google,0
http://dhl%2Dsecurity.tk/auth%2Flogin%3Fid%3D476251,1
http://vtpcdg47rz.tk/downloads/invoice_update.zip,1
http://npuo13x245.tk/downloads/invoice_update.bat,1
http://microsoft-support.ml/account/security/verification/login/confirm,1
http://verify-linkedin-account.ga/verify?user=188629,1
https://amazon.com/wiki/Artificial_intelligence?language=en&utm_medium=search&sort=newest,0
https://support.linkedin.com/blog/article,0
https://medium.com/download?id=189538,0
https://reddit.com/account/settings?page=2,0
http://lz6py6qo52.support/downloads/invoice_update.zip,1
http://secure-paypal-billing.tk/payment/update?account=141513,1
http://fufby1a60l.info/downloads/invoice_update.bat,1
http://2ac18e.google-login.support/account/login,1
https://amazon.com/search/results?user=83424,0
https://learn.npmjs.com/watch,0
http://verify-dhl-account.live/verify?user=360505,1
http://netflix%2Dsecurity.support/auth%2Flogin%3Fid%3D850675,1
http://uldqewu.live/unlock?account=172600&verify=true&session=7kodgzrobpi53rss,1
http://16.47.218.197/login/password?session=spipfqwyxg6h,1
https://cloudflare.com/wiki/Computer_security,0
http://verify-chase-account.site/verify?user=866323,1
https://www.reddit.com/news/technology,0
http://39.250.202.215/login/unlock?session=51wzqv72yyqq,1
http://mtmvt375ky.click/downloads/invoice_update.cmd,1
http://0zpcccqw.site/redirect?url=http%3A%2F%2Famazon%2Ecom%2Flogin,1
https://github.com/download?topic=security,0
https://medium.com/video/technology?sort=popular&language=en,0
http://instagram-signin-secure.ga/login,1
http://30b0mve.ga/unlock?account=741187&verify=true&session=p09d1x4se09qo0zp,1
http://facebook-restore-secure.click/login,1
http://verify-chase-account.biz/verify?user=103075,1
https://help.medium.com/questions?ref=homepage&user=964929,0
https://support.cloudflare.com/video/technology?page=3&q=cybersecurity,0
http://apple%2Dsignin.tk/auth%2Flogin%3Fid%3D99789,1
http://5.250.159.183/login/security?session=42866jqn3wz7,1
http://netflix-login-secure.top/login,1
http://verify-google-account.cc/verify?user=967112,1
https://nytimes.com/docs/python/tutorial?language=en,0
https://cloudflare.com/blog/technology?utm_medium=search,0
https://docs.reddit.com/projects/example/issues/123?utm_medium=search&id=57802,0
https://accounts.npmjs.com/account/settings?user=629098,0
https://docs.python.org/documentation/getting-started?q=machine+learning&year=2026,0
http://pwbumu.instagram-secure.live/account/login,1
http://1sf1n7iv.live/redirect?url=http%3A%2F%2Fnetflix%2Ecom%2Flogin,1
http://paypal-update-secure.site/login,1
http://128.90.95.87/login/suspended?session=ngcoo4da8tjn,1
http://102.98.74.244/login/account?session=p8bcqp0q2x7t,1
https://cloudflare.com/questions/12345/example,0
https://amazon.com/products/software,0
http://tcarfc9r.online/redirect?url=http%3A%2F%2Fdhl%2Ecom%2Flogin,1
http://lezqi1f.ga/verify?account=670643&verify=true&session=z00r4eb5owl2v0xi,1
http://gb0gyy.netflix-security.support/account/login,1
http://instagram%2Dupdate.online/auth%2Flogin%3Fid%3D209222,1
http://wz26mjnx.ml/redirect?url=http%3A%2F%2Fwellsfargo%2Ecom%2Flogin,1
https://cloudflare.com/account/settings?q=python+tutorial&ref=homepage,0
https://python.org/help/article?topic=security&id=877618&language=en,0
http://k65r83rf.live/redirect?url=http%3A%2F%2Famazon%2Ecom%2Flogin,1
http://16.161.70.56/login/restore?session=gwz8kpsl8qai,1
https://learn.linkedin.com/repositories/example?sort=popular,0
http://verify-bankofamerica-account.online/verify?user=44247,1
http://verify-facebook-account.cc/verify?user=340395,1
https://help.reddit.com/users/12345?q=python+tutorial&q=computer+science&user=804541,0
https://python.org/blog/technology?utm_medium=search&q=cybersecurity,0
http://fvpax5nt.xyz/redirect?url=http%3A%2F%2Fdhl%2Ecom%2Flogin,1
https://help.apple.com/community/discussion?q=artificial+intelligence,0
http://verify-chase-account.biz/verify?user=485619,1
http://paypal-verify-secure.site/login,1
https://github.com/documentation/getting-started,0
http://ge1fgv.chase-authenticate.ga/account/login,1
https://cloudflare.com/community/discussion?user=34049,0
https://docs.wikipedia.org/questions/12345/example,0
https://learn.mozilla.org/questions,0
https://developer.microsoft.com/documentation/getting-started?utm_source=google&utm_medium=search&page=3,0
http://linkedin-password-secure.ml/login,1
http://cury7tl8.support/redirect?url=http%3A%2F%2Fgoogle%2Ecom%2Flogin,1
https://google.com/users/12345,0
https://medium.com/help/article,0
https://news.nytimes.com/user/profile?user=114697,0
https://microsoft.com/articles/cybersecurity,0
https://learn.ubuntu.com/user/profile,0
http://secure-amazon-billing.support/payment/update?account=740541,1
https://blog.reddit.com/community/discussion,0
https://docs.docs.python.org/blog/article?year=2026,0
https://stackoverflow.com/user/profile,0
https://wikipedia.org/account/settings?utm_medium=search&category=technology,0
http://bankofamerica-support.live/account/security/verification/login/confirm,1
http://secure-microsoft-billing.xyz/payment/update?account=40713,1
https://npmjs.com/watch?utm_medium=search&page=2,0
https://google.com/users/12345,0
https://support.apple.com/account/settings?year=2026,0
https://amazon.com/download,0
https://news.docs.python.org/wiki/Artificial_intelligence?page=3&topic=security,0
https://blog.stackoverflow.com/topics/python,0
http://icloud-billing-secure.tk/login,1
https://www.google.com/video/technology?q=python+tutorial&page=2,0
https://news.wikipedia.org/repositories/example,0
http://verify-google-account.biz/verify?user=739674,1
https://www.npmjs.com/download,0
http://microsoft-support.cc/account/security/verification/login/confirm,1
http://secure-icloud-billing.ga/payment/update?account=326772,1
https://amazon.com/repositories/example,0
https://blog.youtube.com/download?topic=security,0
https://reddit.com/search,0
https://cloudflare.com/user/profile?id=906097,0
https://docs.wikipedia.org/watch?category=technology&id=305704&sort=newest,0
http://bm0ot72qvg.site/downloads/invoice_update.scr,1
http://r3kfogh.top/restore?account=168236&verify=true&session=yw2tyandingie57h,1
https://blog.reddit.com/video/technology,0
https://support.amazon.com/search?utm_medium=search&user=411373,0
https://docs.apple.com/search/results,0
https://developer.medium.com/questions/12345/example?year=2026&topic=security&q=artificial+intelligence,0
https://support.github.com/repositories/example?q=computer+science,0
http://set6u3l.xyz/billing?account=402942&verify=true&session=dklvqz7zj2l97tc2,1
https://news.developer.mozilla.org/search,0
http://google%2Daccount.info/auth%2Flogin%3Fid%3D899661,1
https://linkedin.com/docs/python/tutorial?user=606073&sort=popular,0
https://arxiv.org/community/discussion,0
http://g35nl0a16v.tk/downloads/invoice_update.zip,1
http://verify-google-account.ml/verify?user=264257,1
http://apple%2Daccount.info/auth%2Flogin%3Fid%3D684542,1
https://docs.medium.com/download,0
https://reddit.com/repositories/example,0
https://docs.reddit.com/repositories/example,0
http://0n596efn.support/redirect?url=http%3A%2F%2Fwellsfargo%2Ecom%2Flogin,1
https://stackoverflow.com/community/discussion?sort=popular&id=853679,0
https://medium.com/community/discussion,0
https://arxiv.org/user/profile?language=en&page=2&user=752872,0
https://learn.ubuntu.com/search?utm_medium=search&q=artificial+intelligence,0
http://chase-wallet-secure.biz/login,1
https://www.developer.mozilla.org/blog/article,0
https://developer.mozilla.org/video/technology?utm_source=google&user=553819,0
https://learn.youtube.com/repositories/example,0
https://reddit.com/articles/cybersecurity,0
https://mozilla.org/questions/12345/example,0
https://youtube.com/account/settings,0
http://r6qw034exr.click/downloads/invoice_update.exe,1
http://176.39.198.134/login/billing?session=h0o0ap8f4pya,1
http://73.255.251.173/login/wallet?session=qff0ak6xwm98,1
http://h03ps37vnz.ga/downloads/invoice_update.php,1
http://google%2Dauthenticate.ga/auth%2Flogin%3Fid%3D230385,1
https://npmjs.com/help/article,0
http://gq1wwgf.click/secure?account=686270&verify=true&session=jbmodxy11qjnsm9n,1
http://ys8bqs.wellsfargo-urgent.ga/account/login,1
http://verify-bankofamerica-account.info/verify?user=545621,1
http://lmc32o5jur.info/downloads/invoice_update.bat,1
http://j7w02j6x.top/redirect?url=http%3A%2F%2Fwellsfargo%2Ecom%2Flogin,1
http://netflix-signin-secure.online/login,1
https://youtube.com/account/settings?id=105555,0
http://f0myw1cqvc.info/downloads/invoice_update.js,1
http://urvw01baoa.online/downloads/invoice_update.cmd,1
https://linkedin.com/documentation/getting-started?year=2026&q=python+tutorial&page=3,0
https://www.developer.mozilla.org/users/12345?id=878330&q=python+tutorial&q=artificial+intelligence,0
http://google-security-secure.site/login,1
http://sv2zepcr.top/redirect?url=http%3A%2F%2Fpaypal%2Ecom%2Flogin,1
https://wikipedia.org/wiki/Artificial_intelligence?topic=security,0
https://medium.com/questions,0
https://google.com/account/settings,0
http://5d1akl.microsoft-wallet.info/account/login,1
https://wikipedia.org/wiki/Artificial_intelligence?page=2,0
http://173.125.4.221/login/verification?session=15m26sig9hti,1
http://178.118.1.187/login/verification?session=ll51sbur4p81,1
https://medium.com/wiki/Artificial_intelligence,0
http://2r31hf1fll.info/downloads/invoice_update.rar,1
https://cloudflare.com/users/12345,0
http://secure-google-billing.online/payment/update?account=327732,1
https://cloudflare.com/questions/12345/example,0
https://news.apple.com/questions/12345/example,0
http://amazon%2Dunlock.ga/auth%2Flogin%3Fid%3D840634,1
http://instagram%2Dlogin.cc/auth%2Flogin%3Fid%3D453911,1
http://bankofamerica-support.site/account/security/verification/login/confirm,1
https://youtube.com/video/technology?utm_source=google&utm_medium=search&page=2,0
https://news.wikipedia.org/account/settings?utm_medium=search&q=machine+learning&ref=homepage,0
http://microsoft-restore-secure.ml/login,1
http://fedex-update-secure.support/login,1
https://github.com/download,0
http://8qp3zp.netflix-restore.support/account/login,1
https://help.mozilla.org/community/discussion?language=en&q=cybersecurity,0
https://python.org/blog/technology?year=2026,0
http://150.53.127.123/login/signin?session=a7w927n4khoh,1
http://secure-google-billing.live/payment/update?account=455789,1
https://help.microsoft.com/search/results,0
http://59.89.186.47/login/account?session=7yhnkpqv0svi,1
http://fedex-support.ga/account/security/verification/login/confirm,1
http://71.104.208.64/login/verification?session=u17d752ps5js,1
http://156.8.118.201/login/payment?session=tirjsay1l6mr,1
http://50.165.253.68/login/signin?session=93z9ax3dlp44,1
http://ctx68ngete.site/downloads/invoice_update.cmd,1
http://6jio62.apple-login.ml/account/login,1
https://accounts.cloudflare.com/questions,0
https://linkedin.com/docs/python/tutorial?q=cybersecurity,0
http://paypal-signin-secure.click/login,1
http://verify-linkedin-account.top/verify?user=882205,1
https://wikipedia.org/articles/cybersecurity?page=2&q=computer+science,0
http://155.222.22.24/login/confirm?session=1dojq3b2jzix,1
http://dhl-support.click/account/security/verification/login/confirm,1
https://linkedin.com/questions,0
https://help.ubuntu.com/documentation/getting-started?page=3,0
https://blog.reddit.com/wiki/Computer_security,0
https://news.stackoverflow.com/questions/12345/example?utm_medium=search&utm_source=google,0
http://amazon%2Dsuspended.info/auth%2Flogin%3Fid%3D157847,1
http://92.204.180.68/login/account?session=apb2hwrdl3nk,1
https://reddit.com/repositories/example?id=393901&q=cybersecurity,0
http://eu6t0r4i.support/redirect?url=http%3A%2F%2Fapple%2Ecom%2Flogin,1
http://oor61t3c.support/redirect?url=http%3A%2F%2Fbankofamerica%2Ecom%2Flogin,1
https://accounts.ubuntu.com/news/technology,0
https://news.microsoft.com/products/software,0
https://www.amazon.com/help/article,0
https://blog.google.com/articles/cybersecurity?sort=popular,0
https://amazon.com/repositories/example?sort=popular&q=python+tutorial,0
https://support.apple.com/blog/technology?q=computer+science&ref=homepage&category=technology,0
http://209.157.185.212/login/urgent?session=0ef6zuff9gu6,1
https://docs.reddit.com/community/discussion,0
https://cloudflare.com/users/12345,0
http://gvs9vo.google-restore.ml/account/login,1
http://microsoft-support.cc/account/security/verification/login/confirm,1
https://wikipedia.org/search/results,0
https://docs.google.com/users/12345,0
https://mozilla.org/blog/article?id=180453,0
https://help.mozilla.org/community/discussion?sort=popular,0
http://7crb4o3ndr.support/downloads/invoice_update.rar,1
http://gb8k1w1g.online/redirect?url=http%3A%2F%2Finstagram%2Ecom%2Flogin,1
http://op1hgp2fg7.cc/downloads/invoice_update.php,1
https://linkedin.com/community/discussion?page=3,0
https://developer.apple.com/community/discussion,0
http://verify-wellsfargo-account.tk/verify?user=469704,1
http://chase-support.info/account/security/verification/login/confirm,1
https://apple.com/download,0
http://dhl-support.tk/account/security/verification/login/confirm,1
http://a9o6qp39lz.tk/downloads/invoice_update.exe,1
http://verify-facebook-account.ga/verify?user=871071,1
http://microsoft-support.xyz/account/security/verification/login/confirm,1
https://mozilla.org/community/discussion?utm_source=google&q=artificial+intelligence,0
http://instagram%2Dverify.click/auth%2Flogin%3Fid%3D502681,1
http://dhgrv0.amazon-billing.tk/account/login,1
http://0uy8vhjd.support/redirect?url=http%3A%2F%2Fgoogle%2Ecom%2Flogin,1
https://reddit.com/watch,0
https://npmjs.com/docs/python/tutorial,0
http://qg11imv.ml/password?account=827374&verify=true&session=05hjvxovbk212qby,1
https://python.org/search/results?ref=homepage&utm_medium=search&sort=popular,0
http://wellsfargo-support.site/account/security/verification/login/confirm,1
https://wikipedia.org/repositories/example?q=python+tutorial&language=en&ref=homepage,0
https://github.com/wiki/Artificial_intelligence,0
https://docs.python.org/questions/12345/example?topic=security&q=python+tutorial&user=827471,0
http://verify-bankofamerica-account.support/verify?user=247193,1
https://accounts.mozilla.org/search/results?q=computer+science,0
https://docs.developer.mozilla.org/blog/technology?q=python+tutorial&year=2026,0
http://n8yc64.chase-invoice.click/account/login,1
http://dkxtyg0.info/secure?account=535664&verify=true&session=qsry0sx6lqtf8ol6,1
https://stackoverflow.com/articles/cybersecurity,0
http://113.7.138.113/login/confirm?session=asc4mywe62xz,1
http://23.172.253.25/login/invoice?session=1crlyfqq2f0v,1
https://docs.github.com/account/settings,0
http://kv2htciv.info/redirect?url=http%3A%2F%2Flinkedin%2Ecom%2Flogin,1
https://docs.python.org/help/article?q=artificial+intelligence,0
https://support.youtube.com/community/discussion?q=python+tutorial&q=machine+learning,0
http://amazon-support.tk/account/security/verification/login/confirm,1
http://apple-wallet-secure.cc/login,1
https://ubuntu.com/account/settings?utm_source=google,0
https://support.developer.mozilla.org/blog/article,0
http://g5i8ja40km.biz/downloads/invoice_update.exe,1
https://github.com/download?category=technology&id=596908&utm_medium=search,0
https://medium.com/wiki/Artificial_intelligence?category=technology,0
http://secure-icloud-billing.biz/payment/update?account=865406,1
https://npmjs.com/products/software,0
https://ubuntu.com/download?q=python+tutorial&id=805378&page=3,0
https://python.org/topics/python,0
https://developer.developer.mozilla.org/search,0
https://blog.nytimes.com/download?id=250841&page=2&sort=newest,0
https://docs.amazon.com/search/results?page=3,0
http://secure-fedex-billing.tk/payment/update?account=446327,1
http://fedex-verify-secure.site/login,1
https://docs.python.org/watch,0
http://jtmbcbp3vp.top/downloads/invoice_update.scr,1
https://cloudflare.com/articles/cybersecurity?q=artificial+intelligence,0
https://reddit.com/download?utm_source=google&page=2,0
http://sff1pqo.ga/verify?account=901147&verify=true&session=cogdgy0py1lj7rxu,1
https://www.mozilla.org/account/settings,0
https://github.com/questions,0
https://accounts.stackoverflow.com/blog/technology,0
http://2lgxdv.wellsfargo-suspended.cc/account/login,1
https://accounts.developer.mozilla.org/questions/12345/example?topic=security&sort=newest&id=290854,0
http://microsoft%2Dpassword.click/auth%2Flogin%3Fid%3D854647,1
https://apple.com/users/12345?page=2,0
https://arxiv.org/articles/cybersecurity,0
http://instagram-update-secure.click/login,1
https://linkedin.com/users/12345?topic=security&language=en,0
https://help.stackoverflow.com/video/technology?q=cybersecurity&sort=newest&q=computer+science,0
http://apple%2Dsecurity.biz/auth%2Flogin%3Fid%3D831346,1
http://dhl-unlock-secure.live/login,1
https://youtube.com/products/software?id=909429&q=computer+science,0
https://www.github.com/news/technology,0
https://mozilla.org/account/settings,0
http://verify-apple-account.click/verify?user=70120,1
https://medium.com/topics/python?q=python+tutorial&page=2,0
https://developer.npmjs.com/search?year=2026&sort=popular&q=python+tutorial,0
http://71nvx64.support/password?account=474598&verify=true&session=swi0nt678jm5juts,1
https://microsoft.com/projects/example/issues/123,0
http://wellsfargo%2Dverify.xyz/auth%2Flogin%3Fid%3D770390,1
https://reddit.com/wiki/Computer_security?q=python+tutorial,0
https://google.com/docs/python/tutorial?ref=homepage&id=34278,0
http://34.250.243.162/login/restore?session=o51wvq2ze2i2,1
http://6var3bk.biz/login?account=11825&verify=true&session=xy6weum25qlz1nku,1
http://slcr1e4uvg.support/downloads/invoice_update.bat,1
https://news.reddit.com/products/software?id=13179,0
https://reddit.com/projects/example/issues/123?ref=homepage&q=cybersecurity&language=en,0
http://facebook-support.ga/account/security/verification/login/confirm,1
http://wellsfargo-billing-secure.site/login,1
http://facebook-support.ml/account/security/verification/login/confirm,1
https://support.cloudflare.com/blog/article,0
https://docs.nytimes.com/search,0
https://python.org/wiki/Computer_security,0
http://microsoft%2Dverify.tk/auth%2Flogin%3Fid%3D338386,1
https://medium.com/questions/12345/example,0
https://developer.microsoft.com/repositories/example?year=2026&q=artificial+intelligence,0
https://www.linkedin.com/articles/cybersecurity,0
https://news.apple.com/projects/example/issues/123?topic=security&q=python+tutorial,0
http://verify-microsoft-account.info/verify?user=849701,1
http://b62661.fedex-unlock.tk/account/login,1
http://1tq8lsm.ga/restore?account=726576&verify=true&session=xcd4zg1wo4537qir,1
http://fedex-authenticate-secure.support/login,1
https://cloudflare.com/topics/python,0
https://mozilla.org/search/results?category=technology,0
http://tx5ssu.netflix-secure.cc/account/login,1
https://npmjs.com/search?page=3&user=918657,0
http://verify-chase-account.tk/verify?user=746006,1
http://8av58n0c.xyz/redirect?url=http%3A%2F%2Ficloud%2Ecom%2Flogin,1
https://mozilla.org/projects/example/issues/123,0
https://accounts.github.com/search?sort=popular,0
https://www.youtube.com/news/technology?q=artificial+intelligence&q=cybersecurity&category=technology,0
http://facebook-support.biz/account/security/verification/login/confirm,1
http://secure-facebook-billing.site/payment/update?account=960146,1
https://youtube.com/questions/12345/example,0
https://arxiv.org/docs/python/tutorial?user=477089,0
http://chase-security-secure.live/login,1
http://secure-paypal-billing.support/payment/update?account=22953,1
http://chase-login-secure.cc/login,1
http://dhl%2Dverify.click/auth%2Flogin%3Fid%3D245500,1
http://dhl-support.support/account/security/verification/login/confirm,1
http://qylhww8.site/account?account=298203&verify=true&session=f5rh1e2avakke6gz,1
http://secure-netflix-billing.info/payment/update?account=476071,1
https://wikipedia.org/account/settings,0
http://secure-instagram-billing.top/payment/update?account=814450,1
https://learn.microsoft.com/community/discussion,0
https://youtube.com/articles/cybersecurity?id=67412&q=machine+learning,0
https://accounts.cloudflare.com/projects/example/issues/123,0
http://dbprp3r.cc/invoice?account=208419&verify=true&session=jwy4sbvnyiufjnhe,1
http://verify-linkedin-account.ga/verify?user=356968,1
http://cehnq8.netflix-authenticate.tk/account/login,1
https://www.python.org/search/results,0
http://8zuitfi.online/confirm?account=531420&verify=true&session=vp4dcyqq79vs84vp,1
https://arxiv.org/products/software?sort=popular,0
https://youtube.com/repositories/example,0
http://microsoft%2Dsecure.biz/auth%2Flogin%3Fid%3D223432,1
http://10.193.12.206/login/authenticate?session=sj9pgz5inity,1
https://linkedin.com/video/technology?ref=homepage&id=913300,0
https://help.stackoverflow.com/help/article,0
http://205.183.162.8/login/secure?session=fnxnefbhu6tx,1
http://140.7.251.140/login/verification?session=l958dz0eutw6,1
https://apple.com/search?q=computer+science&q=artificial+intelligence&q=machine+learning,0
https://help.apple.com/products/software?q=machine+learning&year=2026&sort=newest,0
http://microsoft%2Dpayment.xyz/auth%2Flogin%3Fid%3D311383,1
http://secure-icloud-billing.ml/payment/update?account=483357,1
https://nytimes.com/repositories/example,0
https://help.wikipedia.org/search?q=computer+science&q=artificial+intelligence&utm_source=google,0
https://learn.github.com/help/article?q=machine+learning,0
http://flygus9.cc/password?account=192974&verify=true&session=4adipngniz6m4q0b,1
https://docs.npmjs.com/questions?year=2026&language=en,0
http://paypal-billing-secure.support/login,1
http://eo89xd.wellsfargo-signin.support/account/login,1
http://microsoft%2Drestore.live/auth%2Flogin%3Fid%3D86514,1
http://apple%2Dauthenticate.info/auth%2Flogin%3Fid%3D751146,1
http://77.253.213.121/login/verify?session=ft81pj9wfao7,1
http://dfr3iy6.info/suspended?account=136729&verify=true&session=ggv1zt1b52muxyhk,1
http://14.126.86.94/login/verification?session=ck5qzjp9o6ss,1
https://www.wikipedia.org/questions/12345/example?category=technology&q=cybersecurity&year=2026,0
http://xoqvery198.tk/downloads/invoice_update.cmd,1
https://docs.reddit.com/users/12345,0
http://87.232.51.127/login/urgent?session=5f5bmcw062dt,1
http://microsoft-support.tk/account/security/verification/login/confirm,1
https://blog.npmjs.com/blog/article?category=technology&utm_source=google,0
http://microsoft-support.ml/account/security/verification/login/confirm,1
http://dkknbss.cc/authenticate?account=226914&verify=true&session=ekfmruv2bc4lvzy9,1
http://verify-apple-account.cc/verify?user=869550,1
http://nys5b7q.online/restore?account=758787&verify=true&session=tcywswjvmx3b5yxa,1
http://microsoft%2Dlogin.biz/auth%2Flogin%3Fid%3D266580,1
https://npmjs.com/topics/python?user=389802&category=technology,0
https://youtube.com/watch,0
http://facebook-support.tk/account/security/verification/login/confirm,1
https://accounts.reddit.com/docs/python/tutorial,0
http://g58jvt.chase-update.click/account/login,1
https://developer.reddit.com/user/profile?q=artificial+intelligence&id=874346,0
https://python.org/account/settings?ref=homepage&year=2026,0
https://cloudflare.com/video/technology,0
http://i3gvzdon.cc/redirect?url=http%3A%2F%2Fwellsfargo%2Ecom%2Flogin,1
https://www.arxiv.org/repositories/example?user=79628&topic=security,0
http://paypal-support.ml/account/security/verification/login/confirm,1
http://105.17.252.137/login/secure?session=c2iaibon99ge,1
https://wikipedia.org/questions,0
http://tphzya7.live/password?account=704717&verify=true&session=h1hfvxy1fosbr2wc,1
https://npmjs.com/articles/cybersecurity,0
https://news.microsoft.com/search/results?utm_medium=search&utm_source=google&user=182201,0
http://k6ct8wal.top/redirect?url=http%3A%2F%2Ficloud%2Ecom%2Flogin,1
https://accounts.github.com/wiki/Computer_security,0
https://docs.python.org/questions?q=computer+science,0
http://130.231.32.2/login/secure?session=78cnvt0sy1at,1
http://c314khyle9.online/downloads/invoice_update.cmd,1
http://secure-fedex-billing.cc/payment/update?account=16490,1
https://stackoverflow.com/help/article?page=2,0
https://www.arxiv.org/documentation/getting-started?q=artificial+intelligence,0
http://secure-google-billing.cc/payment/update?account=894834,1
https://medium.com/products/software?q=computer+science&q=artificial+intelligence&q=machine+learning,0
https://developer.docs.python.org/search?year=2026&q=cybersecurity,0
http://amazon-verification-secure.support/login,1
http://6wxrf41.cc/invoice?account=834575&verify=true&session=dbm5g0sx9gasw5pr,1
https://ubuntu.com/download?year=2026&page=2&id=592380,0
https://www.amazon.com/help/article,0
https://developer.cloudflare.com/community/discussion?id=936847,0
https://medium.com/questions?user=120786,0
https://news.youtube.com/search?q=computer+science,0
https://developer.wikipedia.org/questions/12345/example,0
http://secure-amazon-billing.ga/payment/update?account=195179,1
https://accounts.apple.com/wiki/Computer_security,0
https://learn.arxiv.org/video/technology?page=2&utm_medium=search&ref=homepage,0
https://cloudflare.com/download?category=technology&sort=popular&utm_medium=search,0
http://facebook%2Dinvoice.site/auth%2Flogin%3Fid%3D259034,1
http://84mas91.live/restore?account=193890&verify=true&session=ueulh2t0unuo46dg,1
http://dzyf82w.site/suspended?account=922142&verify=true&session=0q03iyoz9extf7x7,1
http://t09b0jpi.live/redirect?url=http%3A%2F%2Fapple%2Ecom%2Flogin,1
http://verify-wellsfargo-account.cc/verify?user=995092,1
http://amazon%2Dsuspended.ml/auth%2Flogin%3Fid%3D210796,1
https://ubuntu.com/questions/12345/example,0
https://www.mozilla.org/products/software?language=en&q=python+tutorial&sort=popular,0
http://linkedin-support.site/account/security/verification/login/confirm,1
https://youtube.com/docs/python/tutorial?year=2026&topic=security&language=en,0
http://linkedin-support.online/account/security/verification/login/confirm,1
https://nytimes.com/products/software?year=2026&utm_source=google&q=python+tutorial,0
https://cloudflare.com/questions?sort=popular&utm_medium=search&page=2,0
http://luwbsz.amazon-restore.tk/account/login,1
http://linkedin-verify-secure.online/login,1
https://python.org/documentation/getting-started?sort=newest&q=python+tutorial,0
http://0hnjpx2u.biz/redirect?url=http%3A%2F%2Famazon%2Ecom%2Flogin,1
https://youtube.com/search/results,0
https://support.python.org/questions/12345/example,0
http://rbbxjksiyx.online/downloads/invoice_update.bat,1
http://6.210.22.108/login/urgent?session=5zqall68r63r,1
https://docs.python.org/articles/cybersecurity?id=139353&q=machine+learning&year=2026,0
http://chase%2Dsuspended.top/auth%2Flogin%3Fid%3D688633,1
http://verify-netflix-account.biz/verify?user=951517,1
https://www.cloudflare.com/community/discussion?q=python+tutorial,0
https://www.stackoverflow.com/wiki/Artificial_intelligence,0
https://youtube.com/users/12345,0
http://verify-dhl-account.cc/verify?user=160580,1
https://wikipedia.org/products/software,0
https://support.developer.mozilla.org/docs/python/tutorial?topic=security,0
http://verify-google-account.biz/verify?user=898888,1
https://google.com/user/profile,0
https://docs.reddit.com/wiki/Computer_security?q=python+tutorial&utm_source=google,0
http://zka4ml.facebook-authenticate.click/account/login,1
http://linkedin-authenticate-secure.site/login,1
http://google-support.ga/account/security/verification/login/confirm,1
https://arxiv.org/help/article,0
https://blog.apple.com/topics/python,0
https://support.nytimes.com/blog/article?language=en&q=computer+science,0
http://635vwqk.info/signin?account=458529&verify=true&session=ebp7qjl4nzi3nldl,1
https://developer.reddit.com/search/results,0
http://secure-netflix-billing.ga/payment/update?account=384209,1
https://amazon.com/users/12345?topic=security&sort=newest,0
http://paypal-login-secure.site/login,1
http://irrfkd.netflix-urgent.tk/account/login,1
https://blog.python.org/questions/12345/example?id=972027&utm_source=google&q=machine+learning,0
https://docs.medium.com/documentation/getting-started?q=cybersecurity,0
https://docs.wikipedia.org/user/profile,0
https://cloudflare.com/repositories/example?page=2&q=computer+science,0
https://microsoft.com/news/technology?page=2&category=technology&topic=security,0
https://accounts.medium.com/articles/cybersecurity?q=python+tutorial&category=technology,0
http://linkedin-restore-secure.live/login,1
http://aggkuaim.top/redirect?url=http%3A%2F%2Famazon%2Ecom%2Flogin,1
http://2lhpa3ripx.support/downloads/invoice_update.rar,1
http://verify-wellsfargo-account.click/verify?user=771677,1
https://npmjs.com/docs/python/tutorial?utm_source=google&utm_medium=search&page=3,0
http://amazon-verify-secure.ml/login,1
http://paypal-support.live/account/security/verification/login/confirm,1
http://82.80.236.131/login/invoice?session=d628u4gdnm8x,1
https://google.com/wiki/Artificial_intelligence,0
http://34v9ce.google-authenticate.tk/account/login,1
http://amazon-support.info/account/security/verification/login/confirm,1
http://114.113.168.232/login/verification?session=od9jl27gr1wp,1
http://verify-microsoft-account.support/verify?user=106742,1
http://l31c58.apple-secure.biz/account/login,1
http://96.97.130.92/login/signin?session=8ew1u2j8xpxp,1
http://pxj9tu.amazon-unlock.top/account/login,1
http://secure-paypal-billing.xyz/payment/update?account=974191,1
http://ovr5tg.instagram-suspended.support/account/login,1
http://l62lq2nun7.site/downloads/invoice_update.rar,1
http://google-support.cc/account/security/verification/login/confirm,1
https://developer.mozilla.org/questions/12345/example,0
http://verify-paypal-account.online/verify?user=210594,1
http://2j0zbimwex.info/downloads/invoice_update.exe,1
http://verify-facebook-account.online/verify?user=782505,1
http://secure-icloud-billing.tk/payment/update?account=912679,1
http://uirdmkgewo.click/downloads/invoice_update.php,1
http://hvvpzgu8vu.ml/downloads/invoice_update.vbs,1
http://bankofamerica%2Dverification.site/auth%2Flogin%3Fid%3D71509,1
http://zx90h4k9t3.info/downloads/invoice_update.zip,1
http://gz68ul.icloud-wallet.info/account/login,1
http://instagram%2Dauthenticate.top/auth%2Flogin%3Fid%3D239468,1
http://210.229.7.27/login/payment?session=sux5aopqi4g8,1
https://developer.developer.mozilla.org/questions/12345/example,0
https://reddit.com/account/settings,0
http://apple-restore-secure.info/login,1
http://rniggt.dhl-signin.xyz/account/login,1
http://jpiry95i.click/redirect?url=http%3A%2F%2Ffedex%2Ecom%2Flogin,1
http://verify-wellsfargo-account.tk/verify?user=556641,1
http://1tyejodbjw.xyz/downloads/invoice_update.cmd,1
https://support.amazon.com/articles/cybersecurity,0
https://blog.medium.com/blog/article?q=machine+learning&q=artificial+intelligence,0
https://docs.docs.python.org/video/technology?utm_source=google&q=artificial+intelligence&q=computer+science,0
https://github.com/docs/python/tutorial?sort=popular&q=artificial+intelligence,0
https://developer.wikipedia.org/repositories/example,0
https://developer.medium.com/blog/technology,0
https://microsoft.com/questions/12345/example?utm_medium=search&topic=security&q=cybersecurity,0
https://youtube.com/news/technology,0
http://yvnlst7.tk/login?account=251041&verify=true&session=qn64hxeus5t1hh3d,1
https://ubuntu.com/docs/python/tutorial,0
http://verify-icloud-account.xyz/verify?user=578974,1
http://secure-wellsfargo-billing.ml/payment/update?account=325578,1
https://accounts.arxiv.org/blog/technology?page=2,0
https://help.python.org/products/software,0
http://1b963x.google-authenticate.click/account/login,1
https://amazon.com/docs/python/tutorial,0
https://python.org/search?q=machine+learning,0
https://docs.medium.com/help/article?q=computer+science&id=274943&ref=homepage,0
https://blog.cloudflare.com/account/settings?q=cybersecurity&user=507404&category=technology,0
http://netflix-suspended-secure.info/login,1
https://github.com/search?sort=newest&id=771269&page=3,0
http://kjmm6usa.online/redirect?url=http%3A%2F%2Finstagram%2Ecom%2Flogin,1
http://secure-paypal-billing.biz/payment/update?account=261746,1
https://youtube.com/wiki/Artificial_intelligence,0
http://linkedin-support.biz/account/security/verification/login/confirm,1
https://news.wikipedia.org/repositories/example?page=2&utm_medium=search&year=2026,0
https://youtube.com/blog/article,0
http://v39nous.tk/urgent?account=533257&verify=true&session=6nw5flgsz4fqyp60,1
http://nmi51onq.support/redirect?url=http%3A%2F%2Fwellsfargo%2Ecom%2Flogin,1
https://arxiv.org/watch?sort=popular,0
http://hpy3ug0t.info/redirect?url=http%3A%2F%2Famazon%2Ecom%2Flogin,1
http://2.161.246.182/login/billing?session=xtm3da8shzqo,1
http://verify-wellsfargo-account.online/verify?user=134700,1
https://support.medium.com/wiki/Artificial_intelligence,0
https://support.youtube.com/download,0
http://verify-apple-account.live/verify?user=755264,1
http://secure-microsoft-billing.info/payment/update?account=6325,1
http://0es2ru5ng7.tk/downloads/invoice_update.rar,1
https://amazon.com/topics/python?sort=popular&sort=newest,0
http://131.18.248.198/login/confirm?session=7efpwbwotqe4,1
http://apple-invoice-secure.ml/login,1
http://verify-dhl-account.support/verify?user=119330,1
https://docs.python.org/download?q=artificial+intelligence&sort=newest,0
http://secure-dhl-billing.online/payment/update?account=182911,1
http://secure-netflix-billing.ml/payment/update?account=143304,1
https://cloudflare.com/search/results,0
http://verify-linkedin-account.cc/verify?user=662961,1
https://npmjs.com/help/article,0
http://secure-dhl-billing.ga/payment/update?account=746119,1
https://help.apple.com/video/technology,0
https://support.developer.mozilla.org/projects/example/issues/123?language=en&q=python+tutorial,0
https://blog.mozilla.org/blog/technology,0
http://vzey6cv.site/update?account=458307&verify=true&session=qf7vrhmnm1zxai7v,1
https://developer.ubuntu.com/account/settings?q=python+tutorial,0
https://cloudflare.com/watch?year=2026&q=computer+science,0
https://developer.nytimes.com/help/article?sort=newest&ref=homepage&user=315678,0
https://support.linkedin.com/users/12345,0
https://blog.google.com/questions/12345/example?q=computer+science,0
http://35.77.101.176/login/unlock?session=5h8wjeiy7s6x,1
https://blog.cloudflare.com/news/technology?id=688300&q=artificial+intelligence&sort=popular,0
https://medium.com/user/profile?language=en&sort=popular,0
https://microsoft.com/projects/example/issues/123?category=technology&ref=homepage&utm_medium=search,0
http://1311zdf.info/restore?account=617906&verify=true&session=hmxkyqivnh215a7w,1
http://secure-dhl-billing.click/payment/update?account=20776,1
https://npmjs.com/repositories/example?page=2,0
https://amazon.com/community/discussion?q=computer+science&sort=newest,0
https://reddit.com/help/article?sort=newest,0
http://109.158.51.217/login/billing?session=ljs4qb8xm3kd,1
https://google.com/wiki/Artificial_intelligence?q=cybersecurity,0
http://t5rxc9d6.live/redirect?url=http%3A%2F%2Ficloud%2Ecom%2Flogin,1
https://support.mozilla.org/wiki/Computer_security?topic=security,0
http://rl3diewd.online/redirect?url=http%3A%2F%2Fnetflix%2Ecom%2Flogin,1
http://52.6.190.130/login/signin?session=5jp9nz8a1dfq,1
http://dhl%2Dwallet.top/auth%2Flogin%3Fid%3D35582,1
http://secure-bankofamerica-billing.click/payment/update?account=469019,1
http://jyq0nll.xyz/restore?account=392322&verify=true&session=f5tjlsaqnl0gg8dc,1
https://blog.youtube.com/products/software,0
https://github.com/wiki/Artificial_intelligence,0
http://icloud-update-secure.ga/login,1
http://secure-instagram-billing.ml/payment/update?account=125600,1
http://209.247.208.231/login/suspended?session=f6vh8zlz3gp1,1
https://linkedin.com/download?q=cybersecurity&category=technology&user=135425,0
https://docs.cloudflare.com/questions/12345/example?user=959324&id=40165&q=artificial+intelligence,0
http://secure-icloud-billing.site/payment/update?account=212989,1
http://wellsfargo%2Dconfirm.online/auth%2Flogin%3Fid%3D666953,1
https://nytimes.com/download?page=2&id=947324,0
https://docs.wikipedia.org/topics/python,0
http://instagram-support.top/account/security/verification/login/confirm,1
http://r05y0i0l.live/redirect?url=http%3A%2F%2Fwellsfargo%2Ecom%2Flogin,1
https://nytimes.com/help/article?ref=homepage&q=python+tutorial&utm_medium=search,0
http://secure-google-billing.ml/payment/update?account=715096,1
https://google.com/help/article?q=artificial+intelligence&utm_medium=search,0
https://support.apple.com/account/settings,0
https://python.org/video/technology?language=en&page=2,0
http://17.232.113.8/login/update?session=xd4no32ogi4m,1
https://www.arxiv.org/articles/cybersecurity,0
http://41xv9k.amazon-urgent.ga/account/login,1
http://secure-instagram-billing.support/payment/update?account=117284,1
http://gm874sc.info/confirm?account=174930&verify=true&session=insyettzyl51nnas,1
http://j12t9y.netflix-authenticate.top/account/login,1
http://dhl-wallet-secure.click/login,1
https://learn.developer.mozilla.org/users/12345?q=artificial+intelligence&sort=newest&id=84561,0
http://cl75tv.paypal-unlock.xyz/account/login,1
https://blog.cloudflare.com/blog/article?page=3&category=technology&topic=security,0
http://l6kpeyqihi.biz/downloads/invoice_update.cmd,1
https://news.mozilla.org/video/technology,0
https://news.apple.com/user/profile?user=460450&q=artificial+intelligence,0
https://stackoverflow.com/wiki/Computer_security?page=3,0
http://microsoft-support.top/account/security/verification/login/confirm,1
https://python.org/docs/python/tutorial?year=2026&ref=homepage,0
http://instagram%2Dsecure.ml/auth%2Flogin%3Fid%3D179714,1
http://womsjiu.info/verification?account=223028&verify=true&session=oiiqix542l33qx2v,1
https://mozilla.org/products/software?language=en&sort=popular&q=cybersecurity,0
http://secure-dhl-billing.top/payment/update?account=587864,1
http://clfkxt.facebook-payment.live/account/login,1
https://medium.com/articles/cybersecurity?q=artificial+intelligence&page=2&id=611549,0
http://secure-apple-billing.info/payment/update?account=51614,1
https://nytimes.com/products/software?topic=security&language=en&id=378819,0
http://xknciz.dhl-signin.support/account/login,1
https://microsoft.com/repositories/example,0
http://3dixbfx.xyz/secure?account=387429&verify=true&session=sqsc8u3uixyn5qr9,1
https://ubuntu.com/questions/12345/example?q=computer+science&q=cybersecurity&utm_medium=search,0
https://google.com/blog/technology?q=computer+science&category=technology&q=cybersecurity,0
http://secure-bankofamerica-billing.site/payment/update?account=84235,1
https://accounts.apple.com/blog/article?q=artificial+intelligence&utm_source=google&sort=newest,0
http://cg3unv.facebook-payment.top/account/login,1
https://accounts.apple.com/questions/12345/example?ref=homepage&year=2026,0
https://github.com/projects/example/issues/123,0
http://bkqbp6z.tk/account?account=699328&verify=true&session=1m7tys8sri3p9ouz,1
http://instagram%2Dinvoice.ml/auth%2Flogin%3Fid%3D380785,1
http://dhl-support.click/account/security/verification/login/confirm,1
https://python.org/topics/python?q=python+tutorial&user=219677,0
https://youtube.com/users/12345?utm_medium=search,0
https://nytimes.com/search?utm_source=google,0
http://linkedin-support.online/account/security/verification/login/confirm,1
http://113.212.90.106/login/verify?session=6q2csjqe06hs,1
http://bankofamerica-support.ml/account/security/verification/login/confirm,1
http://verify-icloud-account.xyz/verify?user=134583,1
https://microsoft.com/documentation/getting-started?utm_medium=search&category=technology&year=2026,0
https://amazon.com/blog/technology?sort=newest&category=technology&language=en,0
https://news.google.com/help/article?year=2026&ref=homepage,0
http://google-support.site/account/security/verification/login/confirm,1
http://xm5yrsv.ga/billing?account=120299&verify=true&session=kuyjkja8nr0qriyh,1
https://help.mozilla.org/products/software,0
https://linkedin.com/repositories/example,0
http://secure-fedex-billing.tk/payment/update?account=845375,1
http://google%2Dinvoice.support/auth%2Flogin%3Fid%3D932337,1
https://python.org/video/technology,0
https://amazon.com/projects/example/issues/123,0
https://reddit.com/watch?utm_source=google,0
http://microsoft-support.support/account/security/verification/login/confirm,1
http://verify-microsoft-account.ga/verify?user=689847,1
http://122.53.114.165/login/signin?session=s1pga58c481u,1
http://140.202.96.224/login/account?session=gauculrp7p9a,1
http://amazon-signin-secure.online/login,1
https://learn.microsoft.com/download?page=2&id=851916&user=67165,0
http://bankofamerica%2Dsecure.biz/auth%2Flogin%3Fid%3D519843,1
https://npmjs.com/community/discussion,0
http://12.218.131.7/login/secure?session=7bu954fvuwdy,1
https://help.docs.python.org/questions/12345/example?user=929214&q=python+tutorial,0
http://chase-suspended-secure.top/login,1
https://support.github.com/projects/example/issues/123,0
http://j4rnjj.wellsfargo-wallet.tk/account/login,1
https://learn.amazon.com/blog/technology,0
https://amazon.com/user/profile,0
http://instagram%2Dconfirm.tk/auth%2Flogin%3Fid%3D747198,1
https://www.ubuntu.com/watch?topic=security&user=614124&q=python+tutorial,0
http://m0qbpr.chase-confirm.biz/account/login,1
http://7.202.247.166/login/wallet?session=2nbz4h9ill00,1
http://yng6xl.amazon-update.ga/account/login,1
http://secure-facebook-billing.info/payment/update?account=936498,1
http://verify-wellsfargo-account.top/verify?user=257578,1
http://a1kacpzm.click/redirect?url=http%3A%2F%2Ffacebook%2Ecom%2Flogin,1
https://medium.com/projects/example/issues/123,0
https://blog.npmjs.com/articles/cybersecurity?language=en,0
https://blog.arxiv.org/users/12345?sort=newest&category=technology&topic=security,0
https://help.wikipedia.org/account/settings?language=en&q=computer+science,0
https://nytimes.com/users/12345,0
http://verify-microsoft-account.cc/verify?user=234653,1
http://microsoft%2Dunlock.ml/auth%2Flogin%3Fid%3D365519,1
https://github.com/news/technology,0
http://paypal-billing-secure.top/login,1
http://5k07t5r0rx.live/downloads/invoice_update.rar,1
http://netflix-verification-secure.xyz/login,1
http://verify-dhl-account.ml/verify?user=314056,1
https://mozilla.org/watch,0
http://verify-bankofamerica-account.tk/verify?user=190958,1
https://apple.com/community/discussion?user=968152&utm_medium=search&utm_source=google,0
http://icloud%2Dsignin.xyz/auth%2Flogin%3Fid%3D179982,1
http://fedex%2Dsecurity.live/auth%2Flogin%3Fid%3D196599,1
https://nytimes.com/questions/12345/example?page=3,0
http://wellsfargo-security-secure.biz/login,1
http://secure-fedex-billing.ml/payment/update?account=268700,1
https://ubuntu.com/documentation/getting-started?q=computer+science&q=python+tutorial&ref=homepage,0
http://paypal-authenticate-secure.site/login,1
http://549kv65wo3.ml/downloads/invoice_update.php,1
https://news.microsoft.com/user/profile?q=machine+learning,0
http://secure-microsoft-billing.top/payment/update?account=171081,1
http://129.159.37.234/login/wallet?session=473zaj65ta4k,1
